id,kode_provinsi,nama_provinsi,kode_kabupaten_kota,nama_kabupaten_kota,kondisi_korban,jumlah_korban,satuan,tahun
1,32,JAWA BARAT,3201,KABUPATEN BOGOR,MENDERITA,0,JIWA,2012
2,32,JAWA BARAT,3201,KABUPATEN BOGOR,HILANG,0,JIWA,2012
3,32,JAWA BARAT,3201,KABUPATEN BOGOR,MENINGGAL DUNIA,0,JIWA,2012
4,32,JAWA BARAT,3201,KABUPATEN BOGOR,LUKA-LUKA,0,JIWA,2012
5,32,JAWA BARAT,3201,KABUPATEN BOGOR,MENGUNGSI,1205,JIWA,2012
6,32,JAWA BARAT,3202,KABUPATEN SUKABUMI,MENDERITA,2095,JIWA,2012
7,32,JAWA BARAT,3202,KABUPATEN SUKABUMI,HILANG,2,JIWA,2012
8,32,JAWA BARAT,3202,KABUPATEN SUKABUMI,MENINGGAL DUNIA,6,JIWA,2012
9,32,JAWA BARAT,3202,KABUPATEN SUKABUMI,LUKA-LUKA,14,JIWA,2012
10,32,JAWA BARAT,3202,KABUPATEN SUKABUMI,MENGUNGSI,389,JIWA,2012
11,32,JAWA BARAT,3203,KABUPATEN CIANJUR,MENDERITA,216,JIWA,2012
12,32,JAWA BARAT,3203,KABUPATEN CIANJUR,HILANG,0,JIWA,2012
13,32,JAWA BARAT,3203,KABUPATEN CIANJUR,MENINGGAL DUNIA,2,JIWA,2012
14,32,JAWA BARAT,3203,KABUPATEN CIANJUR,LUKA-LUKA,1,JIWA,2012
15,32,JAWA BARAT,3203,KABUPATEN CIANJUR,MENGUNGSI,109,JIWA,2012
16,32,JAWA BARAT,3204,KABUPATEN BANDUNG,MENDERITA,19537,JIWA,2012
17,32,JAWA BARAT,3204,KABUPATEN BANDUNG,HILANG,0,JIWA,2012
18,32,JAWA BARAT,3204,KABUPATEN BANDUNG,MENINGGAL DUNIA,2,JIWA,2012
19,32,JAWA BARAT,3204,KABUPATEN BANDUNG,LUKA-LUKA,12,JIWA,2012
20,32,JAWA BARAT,3204,KABUPATEN BANDUNG,MENGUNGSI,384,JIWA,2012
21,32,JAWA BARAT,3205,KABUPATEN GARUT,MENDERITA,3576,JIWA,2012
22,32,JAWA BARAT,3205,KABUPATEN GARUT,HILANG,0,JIWA,2012
23,32,JAWA BARAT,3205,KABUPATEN GARUT,MENINGGAL DUNIA,7,JIWA,2012
24,32,JAWA BARAT,3205,KABUPATEN GARUT,LUKA-LUKA,26,JIWA,2012
25,32,JAWA BARAT,3205,KABUPATEN GARUT,MENGUNGSI,86,JIWA,2012
26,32,JAWA BARAT,3206,KABUPATEN TASIKMALAYA,MENDERITA,0,JIWA,2012
27,32,JAWA BARAT,3206,KABUPATEN TASIKMALAYA,HILANG,0,JIWA,2012
28,32,JAWA BARAT,3206,KABUPATEN TASIKMALAYA,MENINGGAL DUNIA,3,JIWA,2012
29,32,JAWA BARAT,3206,KABUPATEN TASIKMALAYA,LUKA-LUKA,0,JIWA,2012
30,32,JAWA BARAT,3206,KABUPATEN TASIKMALAYA,MENGUNGSI,0,JIWA,2012
31,32,JAWA BARAT,3207,KABUPATEN CIAMIS,MENDERITA,0,JIWA,2012
32,32,JAWA BARAT,3207,KABUPATEN CIAMIS,HILANG,0,JIWA,2012
33,32,JAWA BARAT,3207,KABUPATEN CIAMIS,MENINGGAL DUNIA,0,JIWA,2012
34,32,JAWA BARAT,3207,KABUPATEN CIAMIS,LUKA-LUKA,0,JIWA,2012
35,32,JAWA BARAT,3207,KABUPATEN CIAMIS,MENGUNGSI,0,JIWA,2012
36,32,JAWA BARAT,3208,KABUPATEN KUNINGAN,MENDERITA,0,JIWA,2012
37,32,JAWA BARAT,3208,KABUPATEN KUNINGAN,HILANG,0,JIWA,2012
38,32,JAWA BARAT,3208,KABUPATEN KUNINGAN,MENINGGAL DUNIA,2,JIWA,2012
39,32,JAWA BARAT,3208,KABUPATEN KUNINGAN,LUKA-LUKA,2,JIWA,2012
40,32,JAWA BARAT,3208,KABUPATEN KUNINGAN,MENGUNGSI,0,JIWA,2012
41,32,JAWA BARAT,3209,KABUPATEN CIREBON,MENDERITA,0,JIWA,2012
42,32,JAWA BARAT,3209,KABUPATEN CIREBON,HILANG,0,JIWA,2012
43,32,JAWA BARAT,3209,KABUPATEN CIREBON,MENINGGAL DUNIA,0,JIWA,2012
44,32,JAWA BARAT,3209,KABUPATEN CIREBON,LUKA-LUKA,0,JIWA,2012
45,32,JAWA BARAT,3209,KABUPATEN CIREBON,MENGUNGSI,0,JIWA,2012
46,32,JAWA BARAT,3210,KABUPATEN MAJALENGKA,MENDERITA,0,JIWA,2012
47,32,JAWA BARAT,3210,KABUPATEN MAJALENGKA,HILANG,0,JIWA,2012
48,32,JAWA BARAT,3210,KABUPATEN MAJALENGKA,MENINGGAL DUNIA,0,JIWA,2012
49,32,JAWA BARAT,3210,KABUPATEN MAJALENGKA,LUKA-LUKA,0,JIWA,2012
50,32,JAWA BARAT,3210,KABUPATEN MAJALENGKA,MENGUNGSI,0,JIWA,2012
51,32,JAWA BARAT,3211,KABUPATEN SUMEDANG,MENDERITA,0,JIWA,2012
52,32,JAWA BARAT,3211,KABUPATEN SUMEDANG,HILANG,0,JIWA,2012
53,32,JAWA BARAT,3211,KABUPATEN SUMEDANG,MENINGGAL DUNIA,0,JIWA,2012
54,32,JAWA BARAT,3211,KABUPATEN SUMEDANG,LUKA-LUKA,1,JIWA,2012
55,32,JAWA BARAT,3211,KABUPATEN SUMEDANG,MENGUNGSI,0,JIWA,2012
56,32,JAWA BARAT,3212,KABUPATEN INDRAMAYU,MENDERITA,0,JIWA,2012
57,32,JAWA BARAT,3212,KABUPATEN INDRAMAYU,HILANG,0,JIWA,2012
58,32,JAWA BARAT,3212,KABUPATEN INDRAMAYU,MENINGGAL DUNIA,1,JIWA,2012
59,32,JAWA BARAT,3212,KABUPATEN INDRAMAYU,LUKA-LUKA,11,JIWA,2012
60,32,JAWA BARAT,3212,KABUPATEN INDRAMAYU,MENGUNGSI,0,JIWA,2012
61,32,JAWA BARAT,3213,KABUPATEN SUBANG,MENDERITA,0,JIWA,2012
62,32,JAWA BARAT,3213,KABUPATEN SUBANG,HILANG,0,JIWA,2012
63,32,JAWA BARAT,3213,KABUPATEN SUBANG,MENINGGAL DUNIA,0,JIWA,2012
64,32,JAWA BARAT,3213,KABUPATEN SUBANG,LUKA-LUKA,0,JIWA,2012
65,32,JAWA BARAT,3213,KABUPATEN SUBANG,MENGUNGSI,44,JIWA,2012
66,32,JAWA BARAT,3214,KABUPATEN PURWAKARTA,MENDERITA,0,JIWA,2012
67,32,JAWA BARAT,3214,KABUPATEN PURWAKARTA,HILANG,0,JIWA,2012
68,32,JAWA BARAT,3214,KABUPATEN PURWAKARTA,MENINGGAL DUNIA,0,JIWA,2012
69,32,JAWA BARAT,3214,KABUPATEN PURWAKARTA,LUKA-LUKA,0,JIWA,2012
70,32,JAWA BARAT,3214,KABUPATEN PURWAKARTA,MENGUNGSI,0,JIWA,2012
71,32,JAWA BARAT,3215,KABUPATEN KARAWANG,MENDERITA,0,JIWA,2012
72,32,JAWA BARAT,3215,KABUPATEN KARAWANG,HILANG,0,JIWA,2012
73,32,JAWA BARAT,3215,KABUPATEN KARAWANG,MENINGGAL DUNIA,0,JIWA,2012
74,32,JAWA BARAT,3215,KABUPATEN KARAWANG,LUKA-LUKA,0,JIWA,2012
75,32,JAWA BARAT,3215,KABUPATEN KARAWANG,MENGUNGSI,0,JIWA,2012
76,32,JAWA BARAT,3216,KABUPATEN BEKASI,MENDERITA,0,JIWA,2012
77,32,JAWA BARAT,3216,KABUPATEN BEKASI,HILANG,0,JIWA,2012
78,32,JAWA BARAT,3216,KABUPATEN BEKASI,MENINGGAL DUNIA,0,JIWA,2012
79,32,JAWA BARAT,3216,KABUPATEN BEKASI,LUKA-LUKA,0,JIWA,2012
80,32,JAWA BARAT,3216,KABUPATEN BEKASI,MENGUNGSI,0,JIWA,2012
81,32,JAWA BARAT,3217,KABUPATEN BANDUNG BARAT,MENDERITA,25,JIWA,2012
82,32,JAWA BARAT,3217,KABUPATEN BANDUNG BARAT,HILANG,0,JIWA,2012
83,32,JAWA BARAT,3217,KABUPATEN BANDUNG BARAT,MENINGGAL DUNIA,4,JIWA,2012
84,32,JAWA BARAT,3217,KABUPATEN BANDUNG BARAT,LUKA-LUKA,1,JIWA,2012
85,32,JAWA BARAT,3217,KABUPATEN BANDUNG BARAT,MENGUNGSI,139,JIWA,2012
86,32,JAWA BARAT,3218,KABUPATEN PANGANDARAN,MENGUNGSI,0,JIWA,2012
87,32,JAWA BARAT,3218,KABUPATEN PANGANDARAN,MENDERITA,0,JIWA,2012
88,32,JAWA BARAT,3218,KABUPATEN PANGANDARAN,HILANG,0,JIWA,2012
89,32,JAWA BARAT,3218,KABUPATEN PANGANDARAN,MENINGGAL DUNIA,0,JIWA,2012
90,32,JAWA BARAT,3218,KABUPATEN PANGANDARAN,LUKA-LUKA,0,JIWA,2012
91,32,JAWA BARAT,3271,KOTA BOGOR,MENDERITA,295,JIWA,2012
92,32,JAWA BARAT,3271,KOTA BOGOR,HILANG,0,JIWA,2012
93,32,JAWA BARAT,3271,KOTA BOGOR,MENINGGAL DUNIA,1,JIWA,2012
94,32,JAWA BARAT,3271,KOTA BOGOR,LUKA-LUKA,0,JIWA,2012
95,32,JAWA BARAT,3271,KOTA BOGOR,MENGUNGSI,0,JIWA,2012
96,32,JAWA BARAT,3272,KOTA SUKABUMI,MENDERITA,0,JIWA,2012
97,32,JAWA BARAT,3272,KOTA SUKABUMI,HILANG,0,JIWA,2012
98,32,JAWA BARAT,3272,KOTA SUKABUMI,MENINGGAL DUNIA,0,JIWA,2012
99,32,JAWA BARAT,3272,KOTA SUKABUMI,LUKA-LUKA,0,JIWA,2012
100,32,JAWA BARAT,3272,KOTA SUKABUMI,MENGUNGSI,0,JIWA,2012
101,32,JAWA BARAT,3273,KOTA BANDUNG,MENDERITA,0,JIWA,2012
102,32,JAWA BARAT,3273,KOTA BANDUNG,HILANG,0,JIWA,2012
103,32,JAWA BARAT,3273,KOTA BANDUNG,MENINGGAL DUNIA,0,JIWA,2012
104,32,JAWA BARAT,3273,KOTA BANDUNG,LUKA-LUKA,5,JIWA,2012
105,32,JAWA BARAT,3273,KOTA BANDUNG,MENGUNGSI,0,JIWA,2012
106,32,JAWA BARAT,3274,KOTA CIREBON,MENDERITA,0,JIWA,2012
107,32,JAWA BARAT,3274,KOTA CIREBON,HILANG,0,JIWA,2012
108,32,JAWA BARAT,3274,KOTA CIREBON,MENINGGAL DUNIA,0,JIWA,2012
109,32,JAWA BARAT,3274,KOTA CIREBON,LUKA-LUKA,0,JIWA,2012
110,32,JAWA BARAT,3274,KOTA CIREBON,MENGUNGSI,0,JIWA,2012
111,32,JAWA BARAT,3275,KOTA BEKASI,MENDERITA,0,JIWA,2012
112,32,JAWA BARAT,3275,KOTA BEKASI,HILANG,0,JIWA,2012
113,32,JAWA BARAT,3275,KOTA BEKASI,MENINGGAL DUNIA,0,JIWA,2012
114,32,JAWA BARAT,3275,KOTA BEKASI,LUKA-LUKA,0,JIWA,2012
115,32,JAWA BARAT,3275,KOTA BEKASI,MENGUNGSI,0,JIWA,2012
116,32,JAWA BARAT,3276,KOTA DEPOK,MENDERITA,0,JIWA,2012
117,32,JAWA BARAT,3276,KOTA DEPOK,HILANG,0,JIWA,2012
118,32,JAWA BARAT,3276,KOTA DEPOK,MENINGGAL DUNIA,0,JIWA,2012
119,32,JAWA BARAT,3276,KOTA DEPOK,LUKA-LUKA,0,JIWA,2012
120,32,JAWA BARAT,3276,KOTA DEPOK,MENGUNGSI,0,JIWA,2012
121,32,JAWA BARAT,3277,KOTA CIMAHI,MENDERITA,0,JIWA,2012
122,32,JAWA BARAT,3277,KOTA CIMAHI,HILANG,0,JIWA,2012
123,32,JAWA BARAT,3277,KOTA CIMAHI,MENINGGAL DUNIA,0,JIWA,2012
124,32,JAWA BARAT,3277,KOTA CIMAHI,LUKA-LUKA,0,JIWA,2012
125,32,JAWA BARAT,3277,KOTA CIMAHI,MENGUNGSI,0,JIWA,2012
126,32,JAWA BARAT,3278,KOTA TASIKMALAYA,MENDERITA,0,JIWA,2012
127,32,JAWA BARAT,3278,KOTA TASIKMALAYA,HILANG,0,JIWA,2012
128,32,JAWA BARAT,3278,KOTA TASIKMALAYA,MENINGGAL DUNIA,0,JIWA,2012
129,32,JAWA BARAT,3278,KOTA TASIKMALAYA,LUKA-LUKA,0,JIWA,2012
130,32,JAWA BARAT,3278,KOTA TASIKMALAYA,MENGUNGSI,0,JIWA,2012
131,32,JAWA BARAT,3279,KOTA BANJAR,MENDERITA,0,JIWA,2012
132,32,JAWA BARAT,3279,KOTA BANJAR,HILANG,0,JIWA,2012
133,32,JAWA BARAT,3279,KOTA BANJAR,MENINGGAL DUNIA,0,JIWA,2012
134,32,JAWA BARAT,3279,KOTA BANJAR,LUKA-LUKA,0,JIWA,2012
135,32,JAWA BARAT,3279,KOTA BANJAR,MENGUNGSI,0,JIWA,2012
136,32,JAWA BARAT,3201,KABUPATEN BOGOR,MENDERITA,283,JIWA,2013
137,32,JAWA BARAT,3201,KABUPATEN BOGOR,HILANG,0,JIWA,2013
138,32,JAWA BARAT,3201,KABUPATEN BOGOR,MENINGGAL DUNIA,6,JIWA,2013
139,32,JAWA BARAT,3201,KABUPATEN BOGOR,LUKA-LUKA,10,JIWA,2013
140,32,JAWA BARAT,3201,KABUPATEN BOGOR,MENGUNGSI,36,JIWA,2013
141,32,JAWA BARAT,3202,KABUPATEN SUKABUMI,MENDERITA,3934,JIWA,2013
142,32,JAWA BARAT,3202,KABUPATEN SUKABUMI,HILANG,0,JIWA,2013
143,32,JAWA BARAT,3202,KABUPATEN SUKABUMI,MENINGGAL DUNIA,9,JIWA,2013
144,32,JAWA BARAT,3202,KABUPATEN SUKABUMI,LUKA-LUKA,22,JIWA,2013
145,32,JAWA BARAT,3202,KABUPATEN SUKABUMI,MENGUNGSI,4,JIWA,2013
146,32,JAWA BARAT,3203,KABUPATEN CIANJUR,MENDERITA,1873,JIWA,2013
147,32,JAWA BARAT,3203,KABUPATEN CIANJUR,HILANG,1,JIWA,2013
148,32,JAWA BARAT,3203,KABUPATEN CIANJUR,MENINGGAL DUNIA,6,JIWA,2013
149,32,JAWA BARAT,3203,KABUPATEN CIANJUR,LUKA-LUKA,10,JIWA,2013
150,32,JAWA BARAT,3203,KABUPATEN CIANJUR,MENGUNGSI,751,JIWA,2013
151,32,JAWA BARAT,3204,KABUPATEN BANDUNG,MENDERITA,40317,JIWA,2013
152,32,JAWA BARAT,3204,KABUPATEN BANDUNG,HILANG,0,JIWA,2013
153,32,JAWA BARAT,3204,KABUPATEN BANDUNG,MENINGGAL DUNIA,2,JIWA,2013
154,32,JAWA BARAT,3204,KABUPATEN BANDUNG,LUKA-LUKA,11,JIWA,2013
155,32,JAWA BARAT,3204,KABUPATEN BANDUNG,MENGUNGSI,11225,JIWA,2013
156,32,JAWA BARAT,3205,KABUPATEN GARUT,MENDERITA,6874,JIWA,2013
157,32,JAWA BARAT,3205,KABUPATEN GARUT,HILANG,0,JIWA,2013
158,32,JAWA BARAT,3205,KABUPATEN GARUT,MENINGGAL DUNIA,7,JIWA,2013
159,32,JAWA BARAT,3205,KABUPATEN GARUT,LUKA-LUKA,2,JIWA,2013
160,32,JAWA BARAT,3205,KABUPATEN GARUT,MENGUNGSI,720,JIWA,2013
161,32,JAWA BARAT,3206,KABUPATEN TASIKMALAYA,MENDERITA,3555,JIWA,2013
162,32,JAWA BARAT,3206,KABUPATEN TASIKMALAYA,HILANG,0,JIWA,2013
163,32,JAWA BARAT,3206,KABUPATEN TASIKMALAYA,MENINGGAL DUNIA,0,JIWA,2013
164,32,JAWA BARAT,3206,KABUPATEN TASIKMALAYA,LUKA-LUKA,3,JIWA,2013
165,32,JAWA BARAT,3206,KABUPATEN TASIKMALAYA,MENGUNGSI,451,JIWA,2013
166,32,JAWA BARAT,3207,KABUPATEN CIAMIS,MENDERITA,4258,JIWA,2013
167,32,JAWA BARAT,3207,KABUPATEN CIAMIS,HILANG,0,JIWA,2013
168,32,JAWA BARAT,3207,KABUPATEN CIAMIS,MENINGGAL DUNIA,1,JIWA,2013
169,32,JAWA BARAT,3207,KABUPATEN CIAMIS,LUKA-LUKA,6,JIWA,2013
170,32,JAWA BARAT,3207,KABUPATEN CIAMIS,MENGUNGSI,2024,JIWA,2013
171,32,JAWA BARAT,3208,KABUPATEN KUNINGAN,MENDERITA,123,JIWA,2013
172,32,JAWA BARAT,3208,KABUPATEN KUNINGAN,HILANG,1,JIWA,2013
173,32,JAWA BARAT,3208,KABUPATEN KUNINGAN,MENINGGAL DUNIA,5,JIWA,2013
174,32,JAWA BARAT,3208,KABUPATEN KUNINGAN,LUKA-LUKA,0,JIWA,2013
175,32,JAWA BARAT,3208,KABUPATEN KUNINGAN,MENGUNGSI,37,JIWA,2013
176,32,JAWA BARAT,3209,KABUPATEN CIREBON,MENDERITA,0,JIWA,2013
177,32,JAWA BARAT,3209,KABUPATEN CIREBON,HILANG,0,JIWA,2013
178,32,JAWA BARAT,3209,KABUPATEN CIREBON,MENINGGAL DUNIA,0,JIWA,2013
179,32,JAWA BARAT,3209,KABUPATEN CIREBON,LUKA-LUKA,0,JIWA,2013
180,32,JAWA BARAT,3209,KABUPATEN CIREBON,MENGUNGSI,0,JIWA,2013
181,32,JAWA BARAT,3210,KABUPATEN MAJALENGKA,MENDERITA,4,JIWA,2013
182,32,JAWA BARAT,3210,KABUPATEN MAJALENGKA,HILANG,0,JIWA,2013
183,32,JAWA BARAT,3210,KABUPATEN MAJALENGKA,MENINGGAL DUNIA,3,JIWA,2013
184,32,JAWA BARAT,3210,KABUPATEN MAJALENGKA,LUKA-LUKA,1,JIWA,2013
185,32,JAWA BARAT,3210,KABUPATEN MAJALENGKA,MENGUNGSI,1990,JIWA,2013
186,32,JAWA BARAT,3211,KABUPATEN SUMEDANG,MENDERITA,0,JIWA,2013
187,32,JAWA BARAT,3211,KABUPATEN SUMEDANG,HILANG,0,JIWA,2013
188,32,JAWA BARAT,3211,KABUPATEN SUMEDANG,MENINGGAL DUNIA,0,JIWA,2013
189,32,JAWA BARAT,3211,KABUPATEN SUMEDANG,LUKA-LUKA,0,JIWA,2013
190,32,JAWA BARAT,3211,KABUPATEN SUMEDANG,MENGUNGSI,0,JIWA,2013
191,32,JAWA BARAT,3212,KABUPATEN INDRAMAYU,MENDERITA,0,JIWA,2013
192,32,JAWA BARAT,3212,KABUPATEN INDRAMAYU,HILANG,0,JIWA,2013
193,32,JAWA BARAT,3212,KABUPATEN INDRAMAYU,MENINGGAL DUNIA,0,JIWA,2013
194,32,JAWA BARAT,3212,KABUPATEN INDRAMAYU,LUKA-LUKA,1,JIWA,2013
195,32,JAWA BARAT,3212,KABUPATEN INDRAMAYU,MENGUNGSI,0,JIWA,2013
196,32,JAWA BARAT,3213,KABUPATEN SUBANG,MENDERITA,26711,JIWA,2013
197,32,JAWA BARAT,3213,KABUPATEN SUBANG,HILANG,0,JIWA,2013
198,32,JAWA BARAT,3213,KABUPATEN SUBANG,MENINGGAL DUNIA,2,JIWA,2013
199,32,JAWA BARAT,3213,KABUPATEN SUBANG,LUKA-LUKA,0,JIWA,2013
200,32,JAWA BARAT,3213,KABUPATEN SUBANG,MENGUNGSI,0,JIWA,2013
201,32,JAWA BARAT,3214,KABUPATEN PURWAKARTA,MENDERITA,0,JIWA,2013
202,32,JAWA BARAT,3214,KABUPATEN PURWAKARTA,HILANG,0,JIWA,2013
203,32,JAWA BARAT,3214,KABUPATEN PURWAKARTA,MENINGGAL DUNIA,0,JIWA,2013
204,32,JAWA BARAT,3214,KABUPATEN PURWAKARTA,LUKA-LUKA,0,JIWA,2013
205,32,JAWA BARAT,3214,KABUPATEN PURWAKARTA,MENGUNGSI,0,JIWA,2013
206,32,JAWA BARAT,3215,KABUPATEN KARAWANG,MENDERITA,87205,JIWA,2013
207,32,JAWA BARAT,3215,KABUPATEN KARAWANG,HILANG,0,JIWA,2013
208,32,JAWA BARAT,3215,KABUPATEN KARAWANG,MENINGGAL DUNIA,5,JIWA,2013
209,32,JAWA BARAT,3215,KABUPATEN KARAWANG,LUKA-LUKA,0,JIWA,2013
210,32,JAWA BARAT,3215,KABUPATEN KARAWANG,MENGUNGSI,0,JIWA,2013
211,32,JAWA BARAT,3216,KABUPATEN BEKASI,MENDERITA,15334,JIWA,2013
212,32,JAWA BARAT,3216,KABUPATEN BEKASI,HILANG,0,JIWA,2013
213,32,JAWA BARAT,3216,KABUPATEN BEKASI,MENINGGAL DUNIA,2,JIWA,2013
214,32,JAWA BARAT,3216,KABUPATEN BEKASI,LUKA-LUKA,7,JIWA,2013
215,32,JAWA BARAT,3216,KABUPATEN BEKASI,MENGUNGSI,5835,JIWA,2013
216,32,JAWA BARAT,3217,KABUPATEN BANDUNG BARAT,MENDERITA,71,JIWA,2013
217,32,JAWA BARAT,3217,KABUPATEN BANDUNG BARAT,HILANG,0,JIWA,2013
218,32,JAWA BARAT,3217,KABUPATEN BANDUNG BARAT,MENINGGAL DUNIA,23,JIWA,2013
219,32,JAWA BARAT,3217,KABUPATEN BANDUNG BARAT,LUKA-LUKA,11,JIWA,2013
220,32,JAWA BARAT,3217,KABUPATEN BANDUNG BARAT,MENGUNGSI,804,JIWA,2013
221,32,JAWA BARAT,3218,KABUPATEN PANGANDARAN,MENGUNGSI,0,JIWA,2013
222,32,JAWA BARAT,3218,KABUPATEN PANGANDARAN,MENDERITA,0,JIWA,2013
223,32,JAWA BARAT,3218,KABUPATEN PANGANDARAN,HILANG,0,JIWA,2013
224,32,JAWA BARAT,3218,KABUPATEN PANGANDARAN,MENINGGAL DUNIA,0,JIWA,2013
225,32,JAWA BARAT,3218,KABUPATEN PANGANDARAN,LUKA-LUKA,0,JIWA,2013
226,32,JAWA BARAT,3271,KOTA BOGOR,MENDERITA,0,JIWA,2013
227,32,JAWA BARAT,3271,KOTA BOGOR,HILANG,0,JIWA,2013
228,32,JAWA BARAT,3271,KOTA BOGOR,MENINGGAL DUNIA,4,JIWA,2013
229,32,JAWA BARAT,3271,KOTA BOGOR,LUKA-LUKA,0,JIWA,2013
230,32,JAWA BARAT,3271,KOTA BOGOR,MENGUNGSI,1046,JIWA,2013
231,32,JAWA BARAT,3272,KOTA SUKABUMI,MENDERITA,22,JIWA,2013
232,32,JAWA BARAT,3272,KOTA SUKABUMI,HILANG,0,JIWA,2013
233,32,JAWA BARAT,3272,KOTA SUKABUMI,MENINGGAL DUNIA,0,JIWA,2013
234,32,JAWA BARAT,3272,KOTA SUKABUMI,LUKA-LUKA,2,JIWA,2013
235,32,JAWA BARAT,3272,KOTA SUKABUMI,MENGUNGSI,0,JIWA,2013
236,32,JAWA BARAT,3273,KOTA BANDUNG,MENDERITA,75,JIWA,2013
237,32,JAWA BARAT,3273,KOTA BANDUNG,HILANG,0,JIWA,2013
238,32,JAWA BARAT,3273,KOTA BANDUNG,MENINGGAL DUNIA,0,JIWA,2013
239,32,JAWA BARAT,3273,KOTA BANDUNG,LUKA-LUKA,0,JIWA,2013
240,32,JAWA BARAT,3273,KOTA BANDUNG,MENGUNGSI,75,JIWA,2013
241,32,JAWA BARAT,3274,KOTA CIREBON,MENDERITA,39,JIWA,2013
242,32,JAWA BARAT,3274,KOTA CIREBON,HILANG,0,JIWA,2013
243,32,JAWA BARAT,3274,KOTA CIREBON,MENINGGAL DUNIA,2,JIWA,2013
244,32,JAWA BARAT,3274,KOTA CIREBON,LUKA-LUKA,2,JIWA,2013
245,32,JAWA BARAT,3274,KOTA CIREBON,MENGUNGSI,0,JIWA,2013
246,32,JAWA BARAT,3275,KOTA BEKASI,MENDERITA,8687,JIWA,2013
247,32,JAWA BARAT,3275,KOTA BEKASI,HILANG,0,JIWA,2013
248,32,JAWA BARAT,3275,KOTA BEKASI,MENINGGAL DUNIA,2,JIWA,2013
249,32,JAWA BARAT,3275,KOTA BEKASI,LUKA-LUKA,6,JIWA,2013
250,32,JAWA BARAT,3275,KOTA BEKASI,MENGUNGSI,150,JIWA,2013
251,32,JAWA BARAT,3276,KOTA DEPOK,MENDERITA,9,JIWA,2013
252,32,JAWA BARAT,3276,KOTA DEPOK,HILANG,0,JIWA,2013
253,32,JAWA BARAT,3276,KOTA DEPOK,MENINGGAL DUNIA,0,JIWA,2013
254,32,JAWA BARAT,3276,KOTA DEPOK,LUKA-LUKA,0,JIWA,2013
255,32,JAWA BARAT,3276,KOTA DEPOK,MENGUNGSI,70,JIWA,2013
256,32,JAWA BARAT,3277,KOTA CIMAHI,MENDERITA,500,JIWA,2013
257,32,JAWA BARAT,3277,KOTA CIMAHI,HILANG,0,JIWA,2013
258,32,JAWA BARAT,3277,KOTA CIMAHI,MENINGGAL DUNIA,0,JIWA,2013
259,32,JAWA BARAT,3277,KOTA CIMAHI,LUKA-LUKA,0,JIWA,2013
260,32,JAWA BARAT,3277,KOTA CIMAHI,MENGUNGSI,0,JIWA,2013
261,32,JAWA BARAT,3278,KOTA TASIKMALAYA,MENDERITA,0,JIWA,2013
262,32,JAWA BARAT,3278,KOTA TASIKMALAYA,HILANG,0,JIWA,2013
263,32,JAWA BARAT,3278,KOTA TASIKMALAYA,MENINGGAL DUNIA,0,JIWA,2013
264,32,JAWA BARAT,3278,KOTA TASIKMALAYA,LUKA-LUKA,2,JIWA,2013
265,32,JAWA BARAT,3278,KOTA TASIKMALAYA,MENGUNGSI,0,JIWA,2013
266,32,JAWA BARAT,3279,KOTA BANJAR,MENDERITA,1,JIWA,2013
267,32,JAWA BARAT,3279,KOTA BANJAR,HILANG,0,JIWA,2013
268,32,JAWA BARAT,3279,KOTA BANJAR,MENINGGAL DUNIA,2,JIWA,2013
269,32,JAWA BARAT,3279,KOTA BANJAR,LUKA-LUKA,2,JIWA,2013
270,32,JAWA BARAT,3279,KOTA BANJAR,MENGUNGSI,0,JIWA,2013
271,32,JAWA BARAT,3201,KABUPATEN BOGOR,MENDERITA,2762,JIWA,2014
272,32,JAWA BARAT,3201,KABUPATEN BOGOR,HILANG,2,JIWA,2014
273,32,JAWA BARAT,3201,KABUPATEN BOGOR,MENINGGAL DUNIA,0,JIWA,2014
274,32,JAWA BARAT,3201,KABUPATEN BOGOR,LUKA-LUKA,28,JIWA,2014
275,32,JAWA BARAT,3201,KABUPATEN BOGOR,MENGUNGSI,10,JIWA,2014
276,32,JAWA BARAT,3202,KABUPATEN SUKABUMI,MENDERITA,602,JIWA,2014
277,32,JAWA BARAT,3202,KABUPATEN SUKABUMI,HILANG,0,JIWA,2014
278,32,JAWA BARAT,3202,KABUPATEN SUKABUMI,MENINGGAL DUNIA,2,JIWA,2014
279,32,JAWA BARAT,3202,KABUPATEN SUKABUMI,LUKA-LUKA,5,JIWA,2014
280,32,JAWA BARAT,3202,KABUPATEN SUKABUMI,MENGUNGSI,313,JIWA,2014
281,32,JAWA BARAT,3203,KABUPATEN CIANJUR,MENDERITA,26,JIWA,2014
282,32,JAWA BARAT,3203,KABUPATEN CIANJUR,HILANG,1,JIWA,2014
283,32,JAWA BARAT,3203,KABUPATEN CIANJUR,MENINGGAL DUNIA,2,JIWA,2014
284,32,JAWA BARAT,3203,KABUPATEN CIANJUR,LUKA-LUKA,0,JIWA,2014
285,32,JAWA BARAT,3203,KABUPATEN CIANJUR,MENGUNGSI,1561,JIWA,2014
286,32,JAWA BARAT,3204,KABUPATEN BANDUNG,MENDERITA,44168,JIWA,2014
287,32,JAWA BARAT,3204,KABUPATEN BANDUNG,HILANG,0,JIWA,2014
288,32,JAWA BARAT,3204,KABUPATEN BANDUNG,MENINGGAL DUNIA,1,JIWA,2014
289,32,JAWA BARAT,3204,KABUPATEN BANDUNG,LUKA-LUKA,2,JIWA,2014
290,32,JAWA BARAT,3204,KABUPATEN BANDUNG,MENGUNGSI,10456,JIWA,2014
291,32,JAWA BARAT,3205,KABUPATEN GARUT,MENDERITA,5453,JIWA,2014
292,32,JAWA BARAT,3205,KABUPATEN GARUT,HILANG,0,JIWA,2014
293,32,JAWA BARAT,3205,KABUPATEN GARUT,MENINGGAL DUNIA,2,JIWA,2014
294,32,JAWA BARAT,3205,KABUPATEN GARUT,LUKA-LUKA,9,JIWA,2014
295,32,JAWA BARAT,3205,KABUPATEN GARUT,MENGUNGSI,1254,JIWA,2014
296,32,JAWA BARAT,3206,KABUPATEN TASIKMALAYA,MENDERITA,534,JIWA,2014
297,32,JAWA BARAT,3206,KABUPATEN TASIKMALAYA,HILANG,0,JIWA,2014
298,32,JAWA BARAT,3206,KABUPATEN TASIKMALAYA,MENINGGAL DUNIA,9,JIWA,2014
299,32,JAWA BARAT,3206,KABUPATEN TASIKMALAYA,LUKA-LUKA,36,JIWA,2014
300,32,JAWA BARAT,3206,KABUPATEN TASIKMALAYA,MENGUNGSI,0,JIWA,2014
301,32,JAWA BARAT,3207,KABUPATEN CIAMIS,MENDERITA,170,JIWA,2014
302,32,JAWA BARAT,3207,KABUPATEN CIAMIS,HILANG,0,JIWA,2014
303,32,JAWA BARAT,3207,KABUPATEN CIAMIS,MENINGGAL DUNIA,1,JIWA,2014
304,32,JAWA BARAT,3207,KABUPATEN CIAMIS,LUKA-LUKA,13,JIWA,2014
305,32,JAWA BARAT,3207,KABUPATEN CIAMIS,MENGUNGSI,8,JIWA,2014
306,32,JAWA BARAT,3208,KABUPATEN KUNINGAN,MENDERITA,23,JIWA,2014
307,32,JAWA BARAT,3208,KABUPATEN KUNINGAN,HILANG,0,JIWA,2014
308,32,JAWA BARAT,3208,KABUPATEN KUNINGAN,MENINGGAL DUNIA,2,JIWA,2014
309,32,JAWA BARAT,3208,KABUPATEN KUNINGAN,LUKA-LUKA,3,JIWA,2014
310,32,JAWA BARAT,3208,KABUPATEN KUNINGAN,MENGUNGSI,158,JIWA,2014
311,32,JAWA BARAT,3209,KABUPATEN CIREBON,MENDERITA,10801,JIWA,2014
312,32,JAWA BARAT,3209,KABUPATEN CIREBON,HILANG,0,JIWA,2014
313,32,JAWA BARAT,3209,KABUPATEN CIREBON,MENINGGAL DUNIA,1,JIWA,2014
314,32,JAWA BARAT,3209,KABUPATEN CIREBON,LUKA-LUKA,8,JIWA,2014
315,32,JAWA BARAT,3209,KABUPATEN CIREBON,MENGUNGSI,187,JIWA,2014
316,32,JAWA BARAT,3210,KABUPATEN MAJALENGKA,MENDERITA,16,JIWA,2014
317,32,JAWA BARAT,3210,KABUPATEN MAJALENGKA,HILANG,0,JIWA,2014
318,32,JAWA BARAT,3210,KABUPATEN MAJALENGKA,MENINGGAL DUNIA,1,JIWA,2014
319,32,JAWA BARAT,3210,KABUPATEN MAJALENGKA,LUKA-LUKA,2,JIWA,2014
320,32,JAWA BARAT,3210,KABUPATEN MAJALENGKA,MENGUNGSI,0,JIWA,2014
321,32,JAWA BARAT,3211,KABUPATEN SUMEDANG,MENDERITA,0,JIWA,2014
322,32,JAWA BARAT,3211,KABUPATEN SUMEDANG,HILANG,0,JIWA,2014
323,32,JAWA BARAT,3211,KABUPATEN SUMEDANG,MENINGGAL DUNIA,0,JIWA,2014
324,32,JAWA BARAT,3211,KABUPATEN SUMEDANG,LUKA-LUKA,5,JIWA,2014
325,32,JAWA BARAT,3211,KABUPATEN SUMEDANG,MENGUNGSI,0,JIWA,2014
326,32,JAWA BARAT,3212,KABUPATEN INDRAMAYU,MENDERITA,0,JIWA,2014
327,32,JAWA BARAT,3212,KABUPATEN INDRAMAYU,HILANG,0,JIWA,2014
328,32,JAWA BARAT,3212,KABUPATEN INDRAMAYU,MENINGGAL DUNIA,0,JIWA,2014
329,32,JAWA BARAT,3212,KABUPATEN INDRAMAYU,LUKA-LUKA,0,JIWA,2014
330,32,JAWA BARAT,3212,KABUPATEN INDRAMAYU,MENGUNGSI,0,JIWA,2014
331,32,JAWA BARAT,3213,KABUPATEN SUBANG,MENDERITA,59515,JIWA,2014
332,32,JAWA BARAT,3213,KABUPATEN SUBANG,HILANG,0,JIWA,2014
333,32,JAWA BARAT,3213,KABUPATEN SUBANG,MENINGGAL DUNIA,0,JIWA,2014
334,32,JAWA BARAT,3213,KABUPATEN SUBANG,LUKA-LUKA,0,JIWA,2014
335,32,JAWA BARAT,3213,KABUPATEN SUBANG,MENGUNGSI,0,JIWA,2014
336,32,JAWA BARAT,3214,KABUPATEN PURWAKARTA,MENDERITA,0,JIWA,2014
337,32,JAWA BARAT,3214,KABUPATEN PURWAKARTA,HILANG,0,JIWA,2014
338,32,JAWA BARAT,3214,KABUPATEN PURWAKARTA,MENINGGAL DUNIA,1,JIWA,2014
339,32,JAWA BARAT,3214,KABUPATEN PURWAKARTA,LUKA-LUKA,0,JIWA,2014
340,32,JAWA BARAT,3214,KABUPATEN PURWAKARTA,MENGUNGSI,0,JIWA,2014
341,32,JAWA BARAT,3215,KABUPATEN KARAWANG,MENDERITA,586,JIWA,2014
342,32,JAWA BARAT,3215,KABUPATEN KARAWANG,HILANG,0,JIWA,2014
343,32,JAWA BARAT,3215,KABUPATEN KARAWANG,MENINGGAL DUNIA,0,JIWA,2014
344,32,JAWA BARAT,3215,KABUPATEN KARAWANG,LUKA-LUKA,0,JIWA,2014
345,32,JAWA BARAT,3215,KABUPATEN KARAWANG,MENGUNGSI,0,JIWA,2014
346,32,JAWA BARAT,3216,KABUPATEN BEKASI,MENDERITA,0,JIWA,2014
347,32,JAWA BARAT,3216,KABUPATEN BEKASI,HILANG,0,JIWA,2014
348,32,JAWA BARAT,3216,KABUPATEN BEKASI,MENINGGAL DUNIA,0,JIWA,2014
349,32,JAWA BARAT,3216,KABUPATEN BEKASI,LUKA-LUKA,0,JIWA,2014
350,32,JAWA BARAT,3216,KABUPATEN BEKASI,MENGUNGSI,0,JIWA,2014
351,32,JAWA BARAT,3217,KABUPATEN BANDUNG BARAT,MENDERITA,122,JIWA,2014
352,32,JAWA BARAT,3217,KABUPATEN BANDUNG BARAT,HILANG,0,JIWA,2014
353,32,JAWA BARAT,3217,KABUPATEN BANDUNG BARAT,MENINGGAL DUNIA,3,JIWA,2014
354,32,JAWA BARAT,3217,KABUPATEN BANDUNG BARAT,LUKA-LUKA,10,JIWA,2014
355,32,JAWA BARAT,3217,KABUPATEN BANDUNG BARAT,MENGUNGSI,31,JIWA,2014
356,32,JAWA BARAT,3218,KABUPATEN PANGANDARAN,MENDERITA,1636,JIWA,2014
357,32,JAWA BARAT,3218,KABUPATEN PANGANDARAN,HILANG,0,JIWA,2014
358,32,JAWA BARAT,3218,KABUPATEN PANGANDARAN,MENINGGAL DUNIA,0,JIWA,2014
359,32,JAWA BARAT,3218,KABUPATEN PANGANDARAN,LUKA-LUKA,0,JIWA,2014
360,32,JAWA BARAT,3218,KABUPATEN PANGANDARAN,MENGUNGSI,0,JIWA,2014
361,32,JAWA BARAT,3271,KOTA BOGOR,MENDERITA,331,JIWA,2014
362,32,JAWA BARAT,3271,KOTA BOGOR,HILANG,0,JIWA,2014
363,32,JAWA BARAT,3271,KOTA BOGOR,MENINGGAL DUNIA,2,JIWA,2014
364,32,JAWA BARAT,3271,KOTA BOGOR,LUKA-LUKA,3,JIWA,2014
365,32,JAWA BARAT,3271,KOTA BOGOR,MENGUNGSI,12,JIWA,2014
366,32,JAWA BARAT,3272,KOTA SUKABUMI,MENDERITA,4,JIWA,2014
367,32,JAWA BARAT,3272,KOTA SUKABUMI,HILANG,0,JIWA,2014
368,32,JAWA BARAT,3272,KOTA SUKABUMI,MENINGGAL DUNIA,0,JIWA,2014
369,32,JAWA BARAT,3272,KOTA SUKABUMI,LUKA-LUKA,0,JIWA,2014
370,32,JAWA BARAT,3272,KOTA SUKABUMI,MENGUNGSI,0,JIWA,2014
371,32,JAWA BARAT,3273,KOTA BANDUNG,MENDERITA,250,JIWA,2014
372,32,JAWA BARAT,3273,KOTA BANDUNG,HILANG,0,JIWA,2014
373,32,JAWA BARAT,3273,KOTA BANDUNG,MENINGGAL DUNIA,1,JIWA,2014
374,32,JAWA BARAT,3273,KOTA BANDUNG,LUKA-LUKA,10,JIWA,2014
375,32,JAWA BARAT,3273,KOTA BANDUNG,MENGUNGSI,247,JIWA,2014
376,32,JAWA BARAT,3274,KOTA CIREBON,MENDERITA,7,JIWA,2014
377,32,JAWA BARAT,3274,KOTA CIREBON,HILANG,0,JIWA,2014
378,32,JAWA BARAT,3274,KOTA CIREBON,MENINGGAL DUNIA,1,JIWA,2014
379,32,JAWA BARAT,3274,KOTA CIREBON,LUKA-LUKA,1,JIWA,2014
380,32,JAWA BARAT,3274,KOTA CIREBON,MENGUNGSI,0,JIWA,2014
381,32,JAWA BARAT,3275,KOTA BEKASI,MENDERITA,0,JIWA,2014
382,32,JAWA BARAT,3275,KOTA BEKASI,HILANG,0,JIWA,2014
383,32,JAWA BARAT,3275,KOTA BEKASI,MENINGGAL DUNIA,0,JIWA,2014
384,32,JAWA BARAT,3275,KOTA BEKASI,LUKA-LUKA,0,JIWA,2014
385,32,JAWA BARAT,3275,KOTA BEKASI,MENGUNGSI,0,JIWA,2014
386,32,JAWA BARAT,3276,KOTA DEPOK,MENDERITA,0,JIWA,2014
387,32,JAWA BARAT,3276,KOTA DEPOK,HILANG,0,JIWA,2014
388,32,JAWA BARAT,3276,KOTA DEPOK,MENINGGAL DUNIA,0,JIWA,2014
389,32,JAWA BARAT,3276,KOTA DEPOK,LUKA-LUKA,0,JIWA,2014
390,32,JAWA BARAT,3276,KOTA DEPOK,MENGUNGSI,0,JIWA,2014
391,32,JAWA BARAT,3277,KOTA CIMAHI,MENDERITA,0,JIWA,2014
392,32,JAWA BARAT,3277,KOTA CIMAHI,HILANG,0,JIWA,2014
393,32,JAWA BARAT,3277,KOTA CIMAHI,MENINGGAL DUNIA,0,JIWA,2014
394,32,JAWA BARAT,3277,KOTA CIMAHI,LUKA-LUKA,0,JIWA,2014
395,32,JAWA BARAT,3277,KOTA CIMAHI,MENGUNGSI,0,JIWA,2014
396,32,JAWA BARAT,3278,KOTA TASIKMALAYA,MENDERITA,0,JIWA,2014
397,32,JAWA BARAT,3278,KOTA TASIKMALAYA,HILANG,0,JIWA,2014
398,32,JAWA BARAT,3278,KOTA TASIKMALAYA,MENINGGAL DUNIA,0,JIWA,2014
399,32,JAWA BARAT,3278,KOTA TASIKMALAYA,LUKA-LUKA,0,JIWA,2014
400,32,JAWA BARAT,3278,KOTA TASIKMALAYA,MENGUNGSI,0,JIWA,2014
401,32,JAWA BARAT,3279,KOTA BANJAR,MENDERITA,8,JIWA,2014
402,32,JAWA BARAT,3279,KOTA BANJAR,HILANG,0,JIWA,2014
403,32,JAWA BARAT,3279,KOTA BANJAR,MENINGGAL DUNIA,0,JIWA,2014
404,32,JAWA BARAT,3279,KOTA BANJAR,LUKA-LUKA,3,JIWA,2014
405,32,JAWA BARAT,3279,KOTA BANJAR,MENGUNGSI,0,JIWA,2014
406,32,JAWA BARAT,3201,KABUPATEN BOGOR,MENDERITA,1207,JIWA,2015
407,32,JAWA BARAT,3201,KABUPATEN BOGOR,HILANG,0,JIWA,2015
408,32,JAWA BARAT,3201,KABUPATEN BOGOR,MENINGGAL DUNIA,0,JIWA,2015
409,32,JAWA BARAT,3201,KABUPATEN BOGOR,LUKA-LUKA,7,JIWA,2015
410,32,JAWA BARAT,3201,KABUPATEN BOGOR,MENGUNGSI,71,JIWA,2015
411,32,JAWA BARAT,3202,KABUPATEN SUKABUMI,MENDERITA,1366,JIWA,2015
412,32,JAWA BARAT,3202,KABUPATEN SUKABUMI,HILANG,4,JIWA,2015
413,32,JAWA BARAT,3202,KABUPATEN SUKABUMI,MENINGGAL DUNIA,13,JIWA,2015
414,32,JAWA BARAT,3202,KABUPATEN SUKABUMI,LUKA-LUKA,6,JIWA,2015
415,32,JAWA BARAT,3202,KABUPATEN SUKABUMI,MENGUNGSI,266,JIWA,2015
416,32,JAWA BARAT,3203,KABUPATEN CIANJUR,MENDERITA,288,JIWA,2015
417,32,JAWA BARAT,3203,KABUPATEN CIANJUR,HILANG,0,JIWA,2015
418,32,JAWA BARAT,3203,KABUPATEN CIANJUR,MENINGGAL DUNIA,7,JIWA,2015
419,32,JAWA BARAT,3203,KABUPATEN CIANJUR,LUKA-LUKA,15,JIWA,2015
420,32,JAWA BARAT,3203,KABUPATEN CIANJUR,MENGUNGSI,218,JIWA,2015
421,32,JAWA BARAT,3204,KABUPATEN BANDUNG,MENDERITA,7488,JIWA,2015
422,32,JAWA BARAT,3204,KABUPATEN BANDUNG,HILANG,2,JIWA,2015
423,32,JAWA BARAT,3204,KABUPATEN BANDUNG,MENINGGAL DUNIA,9,JIWA,2015
424,32,JAWA BARAT,3204,KABUPATEN BANDUNG,LUKA-LUKA,13,JIWA,2015
425,32,JAWA BARAT,3204,KABUPATEN BANDUNG,MENGUNGSI,8128,JIWA,2015
426,32,JAWA BARAT,3205,KABUPATEN GARUT,MENDERITA,194,JIWA,2015
427,32,JAWA BARAT,3205,KABUPATEN GARUT,HILANG,0,JIWA,2015
428,32,JAWA BARAT,3205,KABUPATEN GARUT,MENINGGAL DUNIA,1,JIWA,2015
429,32,JAWA BARAT,3205,KABUPATEN GARUT,LUKA-LUKA,0,JIWA,2015
430,32,JAWA BARAT,3205,KABUPATEN GARUT,MENGUNGSI,2,JIWA,2015
431,32,JAWA BARAT,3206,KABUPATEN TASIKMALAYA,MENDERITA,386,JIWA,2015
432,32,JAWA BARAT,3206,KABUPATEN TASIKMALAYA,HILANG,0,JIWA,2015
433,32,JAWA BARAT,3206,KABUPATEN TASIKMALAYA,MENINGGAL DUNIA,2,JIWA,2015
434,32,JAWA BARAT,3206,KABUPATEN TASIKMALAYA,LUKA-LUKA,2,JIWA,2015
435,32,JAWA BARAT,3206,KABUPATEN TASIKMALAYA,MENGUNGSI,67,JIWA,2015
436,32,JAWA BARAT,3207,KABUPATEN CIAMIS,MENDERITA,908,JIWA,2015
437,32,JAWA BARAT,3207,KABUPATEN CIAMIS,HILANG,0,JIWA,2015
438,32,JAWA BARAT,3207,KABUPATEN CIAMIS,MENINGGAL DUNIA,1,JIWA,2015
439,32,JAWA BARAT,3207,KABUPATEN CIAMIS,LUKA-LUKA,0,JIWA,2015
440,32,JAWA BARAT,3207,KABUPATEN CIAMIS,MENGUNGSI,0,JIWA,2015
441,32,JAWA BARAT,3208,KABUPATEN KUNINGAN,MENDERITA,114,JIWA,2015
442,32,JAWA BARAT,3208,KABUPATEN KUNINGAN,HILANG,0,JIWA,2015
443,32,JAWA BARAT,3208,KABUPATEN KUNINGAN,MENINGGAL DUNIA,2,JIWA,2015
444,32,JAWA BARAT,3208,KABUPATEN KUNINGAN,LUKA-LUKA,0,JIWA,2015
445,32,JAWA BARAT,3208,KABUPATEN KUNINGAN,MENGUNGSI,19,JIWA,2015
446,32,JAWA BARAT,3209,KABUPATEN CIREBON,MENDERITA,0,JIWA,2015
447,32,JAWA BARAT,3209,KABUPATEN CIREBON,HILANG,0,JIWA,2015
448,32,JAWA BARAT,3209,KABUPATEN CIREBON,MENINGGAL DUNIA,6,JIWA,2015
449,32,JAWA BARAT,3209,KABUPATEN CIREBON,LUKA-LUKA,0,JIWA,2015
450,32,JAWA BARAT,3209,KABUPATEN CIREBON,MENGUNGSI,0,JIWA,2015
451,32,JAWA BARAT,3210,KABUPATEN MAJALENGKA,MENDERITA,10,JIWA,2015
452,32,JAWA BARAT,3210,KABUPATEN MAJALENGKA,HILANG,1,JIWA,2015
453,32,JAWA BARAT,3210,KABUPATEN MAJALENGKA,MENINGGAL DUNIA,4,JIWA,2015
454,32,JAWA BARAT,3210,KABUPATEN MAJALENGKA,LUKA-LUKA,1,JIWA,2015
455,32,JAWA BARAT,3210,KABUPATEN MAJALENGKA,MENGUNGSI,4,JIWA,2015
456,32,JAWA BARAT,3211,KABUPATEN SUMEDANG,MENDERITA,55,JIWA,2015
457,32,JAWA BARAT,3211,KABUPATEN SUMEDANG,HILANG,0,JIWA,2015
458,32,JAWA BARAT,3211,KABUPATEN SUMEDANG,MENINGGAL DUNIA,0,JIWA,2015
459,32,JAWA BARAT,3211,KABUPATEN SUMEDANG,LUKA-LUKA,6,JIWA,2015
460,32,JAWA BARAT,3211,KABUPATEN SUMEDANG,MENGUNGSI,52,JIWA,2015
461,32,JAWA BARAT,3212,KABUPATEN INDRAMAYU,MENDERITA,5714,JIWA,2015
462,32,JAWA BARAT,3212,KABUPATEN INDRAMAYU,HILANG,0,JIWA,2015
463,32,JAWA BARAT,3212,KABUPATEN INDRAMAYU,MENINGGAL DUNIA,0,JIWA,2015
464,32,JAWA BARAT,3212,KABUPATEN INDRAMAYU,LUKA-LUKA,10,JIWA,2015
465,32,JAWA BARAT,3212,KABUPATEN INDRAMAYU,MENGUNGSI,6099,JIWA,2015
466,32,JAWA BARAT,3213,KABUPATEN SUBANG,MENDERITA,0,JIWA,2015
467,32,JAWA BARAT,3213,KABUPATEN SUBANG,HILANG,0,JIWA,2015
468,32,JAWA BARAT,3213,KABUPATEN SUBANG,MENINGGAL DUNIA,0,JIWA,2015
469,32,JAWA BARAT,3213,KABUPATEN SUBANG,LUKA-LUKA,0,JIWA,2015
470,32,JAWA BARAT,3213,KABUPATEN SUBANG,MENGUNGSI,0,JIWA,2015
471,32,JAWA BARAT,3214,KABUPATEN PURWAKARTA,MENDERITA,0,JIWA,2015
472,32,JAWA BARAT,3214,KABUPATEN PURWAKARTA,HILANG,0,JIWA,2015
473,32,JAWA BARAT,3214,KABUPATEN PURWAKARTA,MENINGGAL DUNIA,2,JIWA,2015
474,32,JAWA BARAT,3214,KABUPATEN PURWAKARTA,LUKA-LUKA,1,JIWA,2015
475,32,JAWA BARAT,3214,KABUPATEN PURWAKARTA,MENGUNGSI,0,JIWA,2015
476,32,JAWA BARAT,3215,KABUPATEN KARAWANG,MENDERITA,0,JIWA,2015
477,32,JAWA BARAT,3215,KABUPATEN KARAWANG,HILANG,0,JIWA,2015
478,32,JAWA BARAT,3215,KABUPATEN KARAWANG,MENINGGAL DUNIA,0,JIWA,2015
479,32,JAWA BARAT,3215,KABUPATEN KARAWANG,LUKA-LUKA,0,JIWA,2015
480,32,JAWA BARAT,3215,KABUPATEN KARAWANG,MENGUNGSI,0,JIWA,2015
481,32,JAWA BARAT,3216,KABUPATEN BEKASI,MENDERITA,0,JIWA,2015
482,32,JAWA BARAT,3216,KABUPATEN BEKASI,HILANG,0,JIWA,2015
483,32,JAWA BARAT,3216,KABUPATEN BEKASI,MENINGGAL DUNIA,0,JIWA,2015
484,32,JAWA BARAT,3216,KABUPATEN BEKASI,LUKA-LUKA,0,JIWA,2015
485,32,JAWA BARAT,3216,KABUPATEN BEKASI,MENGUNGSI,0,JIWA,2015
486,32,JAWA BARAT,3217,KABUPATEN BANDUNG BARAT,MENDERITA,0,JIWA,2015
487,32,JAWA BARAT,3217,KABUPATEN BANDUNG BARAT,HILANG,0,JIWA,2015
488,32,JAWA BARAT,3217,KABUPATEN BANDUNG BARAT,MENINGGAL DUNIA,3,JIWA,2015
489,32,JAWA BARAT,3217,KABUPATEN BANDUNG BARAT,LUKA-LUKA,12,JIWA,2015
490,32,JAWA BARAT,3217,KABUPATEN BANDUNG BARAT,MENGUNGSI,0,JIWA,2015
491,32,JAWA BARAT,3218,KABUPATEN PANGANDARAN,MENDERITA,11,JIWA,2015
492,32,JAWA BARAT,3218,KABUPATEN PANGANDARAN,HILANG,0,JIWA,2015
493,32,JAWA BARAT,3218,KABUPATEN PANGANDARAN,MENINGGAL DUNIA,0,JIWA,2015
494,32,JAWA BARAT,3218,KABUPATEN PANGANDARAN,LUKA-LUKA,0,JIWA,2015
495,32,JAWA BARAT,3218,KABUPATEN PANGANDARAN,MENGUNGSI,0,JIWA,2015
496,32,JAWA BARAT,3271,KOTA BOGOR,MENDERITA,7,JIWA,2015
497,32,JAWA BARAT,3271,KOTA BOGOR,HILANG,0,JIWA,2015
498,32,JAWA BARAT,3271,KOTA BOGOR,MENINGGAL DUNIA,4,JIWA,2015
499,32,JAWA BARAT,3271,KOTA BOGOR,LUKA-LUKA,25,JIWA,2015
500,32,JAWA BARAT,3271,KOTA BOGOR,MENGUNGSI,0,JIWA,2015
501,32,JAWA BARAT,3272,KOTA SUKABUMI,MENDERITA,0,JIWA,2015
502,32,JAWA BARAT,3272,KOTA SUKABUMI,HILANG,0,JIWA,2015
503,32,JAWA BARAT,3272,KOTA SUKABUMI,MENINGGAL DUNIA,0,JIWA,2015
504,32,JAWA BARAT,3272,KOTA SUKABUMI,LUKA-LUKA,0,JIWA,2015
505,32,JAWA BARAT,3272,KOTA SUKABUMI,MENGUNGSI,0,JIWA,2015
506,32,JAWA BARAT,3273,KOTA BANDUNG,MENDERITA,384,JIWA,2015
507,32,JAWA BARAT,3273,KOTA BANDUNG,HILANG,0,JIWA,2015
508,32,JAWA BARAT,3273,KOTA BANDUNG,MENINGGAL DUNIA,2,JIWA,2015
509,32,JAWA BARAT,3273,KOTA BANDUNG,LUKA-LUKA,7,JIWA,2015
510,32,JAWA BARAT,3273,KOTA BANDUNG,MENGUNGSI,0,JIWA,2015
511,32,JAWA BARAT,3274,KOTA CIREBON,MENDERITA,4,JIWA,2015
512,32,JAWA BARAT,3274,KOTA CIREBON,HILANG,0,JIWA,2015
513,32,JAWA BARAT,3274,KOTA CIREBON,MENINGGAL DUNIA,0,JIWA,2015
514,32,JAWA BARAT,3274,KOTA CIREBON,LUKA-LUKA,0,JIWA,2015
515,32,JAWA BARAT,3274,KOTA CIREBON,MENGUNGSI,4,JIWA,2015
516,32,JAWA BARAT,3275,KOTA BEKASI,MENDERITA,0,JIWA,2015
517,32,JAWA BARAT,3275,KOTA BEKASI,HILANG,0,JIWA,2015
518,32,JAWA BARAT,3275,KOTA BEKASI,MENINGGAL DUNIA,0,JIWA,2015
519,32,JAWA BARAT,3275,KOTA BEKASI,LUKA-LUKA,0,JIWA,2015
520,32,JAWA BARAT,3275,KOTA BEKASI,MENGUNGSI,0,JIWA,2015
521,32,JAWA BARAT,3276,KOTA DEPOK,MENDERITA,0,JIWA,2015
522,32,JAWA BARAT,3276,KOTA DEPOK,HILANG,0,JIWA,2015
523,32,JAWA BARAT,3276,KOTA DEPOK,MENINGGAL DUNIA,0,JIWA,2015
524,32,JAWA BARAT,3276,KOTA DEPOK,LUKA-LUKA,0,JIWA,2015
525,32,JAWA BARAT,3276,KOTA DEPOK,MENGUNGSI,0,JIWA,2015
526,32,JAWA BARAT,3277,KOTA CIMAHI,MENDERITA,0,JIWA,2015
527,32,JAWA BARAT,3277,KOTA CIMAHI,HILANG,0,JIWA,2015
528,32,JAWA BARAT,3277,KOTA CIMAHI,MENINGGAL DUNIA,0,JIWA,2015
529,32,JAWA BARAT,3277,KOTA CIMAHI,LUKA-LUKA,0,JIWA,2015
530,32,JAWA BARAT,3277,KOTA CIMAHI,MENGUNGSI,0,JIWA,2015
531,32,JAWA BARAT,3278,KOTA TASIKMALAYA,MENDERITA,127,JIWA,2015
532,32,JAWA BARAT,3278,KOTA TASIKMALAYA,HILANG,0,JIWA,2015
533,32,JAWA BARAT,3278,KOTA TASIKMALAYA,MENINGGAL DUNIA,0,JIWA,2015
534,32,JAWA BARAT,3278,KOTA TASIKMALAYA,LUKA-LUKA,0,JIWA,2015
535,32,JAWA BARAT,3278,KOTA TASIKMALAYA,MENGUNGSI,0,JIWA,2015
536,32,JAWA BARAT,3279,KOTA BANJAR,MENDERITA,0,JIWA,2015
537,32,JAWA BARAT,3279,KOTA BANJAR,HILANG,0,JIWA,2015
538,32,JAWA BARAT,3279,KOTA BANJAR,MENINGGAL DUNIA,1,JIWA,2015
539,32,JAWA BARAT,3279,KOTA BANJAR,LUKA-LUKA,0,JIWA,2015
540,32,JAWA BARAT,3279,KOTA BANJAR,MENGUNGSI,0,JIWA,2015
541,32,JAWA BARAT,3201,KABUPATEN BOGOR,MENDERITA,7623,JIWA,2016
542,32,JAWA BARAT,3201,KABUPATEN BOGOR,HILANG,0,JIWA,2016
543,32,JAWA BARAT,3201,KABUPATEN BOGOR,MENINGGAL DUNIA,0,JIWA,2016
544,32,JAWA BARAT,3201,KABUPATEN BOGOR,LUKA-LUKA,14,JIWA,2016
545,32,JAWA BARAT,3201,KABUPATEN BOGOR,MENGUNGSI,495,JIWA,2016
546,32,JAWA BARAT,3202,KABUPATEN SUKABUMI,MENDERITA,3968,JIWA,2016
547,32,JAWA BARAT,3202,KABUPATEN SUKABUMI,HILANG,2,JIWA,2016
548,32,JAWA BARAT,3202,KABUPATEN SUKABUMI,MENINGGAL DUNIA,7,JIWA,2016
549,32,JAWA BARAT,3202,KABUPATEN SUKABUMI,LUKA-LUKA,5,JIWA,2016
550,32,JAWA BARAT,3202,KABUPATEN SUKABUMI,MENGUNGSI,1115,JIWA,2016
551,32,JAWA BARAT,3203,KABUPATEN CIANJUR,MENDERITA,977,JIWA,2016
552,32,JAWA BARAT,3203,KABUPATEN CIANJUR,HILANG,0,JIWA,2016
553,32,JAWA BARAT,3203,KABUPATEN CIANJUR,MENINGGAL DUNIA,8,JIWA,2016
554,32,JAWA BARAT,3203,KABUPATEN CIANJUR,LUKA-LUKA,7,JIWA,2016
555,32,JAWA BARAT,3203,KABUPATEN CIANJUR,MENGUNGSI,21,JIWA,2016
556,32,JAWA BARAT,3204,KABUPATEN BANDUNG,MENDERITA,16159,JIWA,2016
557,32,JAWA BARAT,3204,KABUPATEN BANDUNG,HILANG,2,JIWA,2016
558,32,JAWA BARAT,3204,KABUPATEN BANDUNG,MENINGGAL DUNIA,10,JIWA,2016
559,32,JAWA BARAT,3204,KABUPATEN BANDUNG,LUKA-LUKA,8,JIWA,2016
560,32,JAWA BARAT,3204,KABUPATEN BANDUNG,MENGUNGSI,12739,JIWA,2016
561,32,JAWA BARAT,3205,KABUPATEN GARUT,MENDERITA,2685,JIWA,2016
562,32,JAWA BARAT,3205,KABUPATEN GARUT,HILANG,19,JIWA,2016
563,32,JAWA BARAT,3205,KABUPATEN GARUT,MENINGGAL DUNIA,38,JIWA,2016
564,32,JAWA BARAT,3205,KABUPATEN GARUT,LUKA-LUKA,35,JIWA,2016
565,32,JAWA BARAT,3205,KABUPATEN GARUT,MENGUNGSI,3157,JIWA,2016
566,32,JAWA BARAT,3206,KABUPATEN TASIKMALAYA,MENDERITA,2914,JIWA,2016
567,32,JAWA BARAT,3206,KABUPATEN TASIKMALAYA,HILANG,0,JIWA,2016
568,32,JAWA BARAT,3206,KABUPATEN TASIKMALAYA,MENINGGAL DUNIA,1,JIWA,2016
569,32,JAWA BARAT,3206,KABUPATEN TASIKMALAYA,LUKA-LUKA,9,JIWA,2016
570,32,JAWA BARAT,3206,KABUPATEN TASIKMALAYA,MENGUNGSI,77,JIWA,2016
571,32,JAWA BARAT,3207,KABUPATEN CIAMIS,MENDERITA,246,JIWA,2016
572,32,JAWA BARAT,3207,KABUPATEN CIAMIS,HILANG,0,JIWA,2016
573,32,JAWA BARAT,3207,KABUPATEN CIAMIS,MENINGGAL DUNIA,0,JIWA,2016
574,32,JAWA BARAT,3207,KABUPATEN CIAMIS,LUKA-LUKA,2,JIWA,2016
575,32,JAWA BARAT,3207,KABUPATEN CIAMIS,MENGUNGSI,0,JIWA,2016
576,32,JAWA BARAT,3208,KABUPATEN KUNINGAN,MENDERITA,233,JIWA,2016
577,32,JAWA BARAT,3208,KABUPATEN KUNINGAN,HILANG,0,JIWA,2016
578,32,JAWA BARAT,3208,KABUPATEN KUNINGAN,MENINGGAL DUNIA,2,JIWA,2016
579,32,JAWA BARAT,3208,KABUPATEN KUNINGAN,LUKA-LUKA,3,JIWA,2016
580,32,JAWA BARAT,3208,KABUPATEN KUNINGAN,MENGUNGSI,47,JIWA,2016
581,32,JAWA BARAT,3209,KABUPATEN CIREBON,MENDERITA,0,JIWA,2016
582,32,JAWA BARAT,3209,KABUPATEN CIREBON,HILANG,0,JIWA,2016
583,32,JAWA BARAT,3209,KABUPATEN CIREBON,MENINGGAL DUNIA,0,JIWA,2016
584,32,JAWA BARAT,3209,KABUPATEN CIREBON,LUKA-LUKA,0,JIWA,2016
585,32,JAWA BARAT,3209,KABUPATEN CIREBON,MENGUNGSI,0,JIWA,2016
586,32,JAWA BARAT,3210,KABUPATEN MAJALENGKA,MENDERITA,39,JIWA,2016
587,32,JAWA BARAT,3210,KABUPATEN MAJALENGKA,HILANG,0,JIWA,2016
588,32,JAWA BARAT,3210,KABUPATEN MAJALENGKA,MENINGGAL DUNIA,0,JIWA,2016
589,32,JAWA BARAT,3210,KABUPATEN MAJALENGKA,LUKA-LUKA,1,JIWA,2016
590,32,JAWA BARAT,3210,KABUPATEN MAJALENGKA,MENGUNGSI,16,JIWA,2016
591,32,JAWA BARAT,3211,KABUPATEN SUMEDANG,MENDERITA,3367,JIWA,2016
592,32,JAWA BARAT,3211,KABUPATEN SUMEDANG,HILANG,0,JIWA,2016
593,32,JAWA BARAT,3211,KABUPATEN SUMEDANG,MENINGGAL DUNIA,4,JIWA,2016
594,32,JAWA BARAT,3211,KABUPATEN SUMEDANG,LUKA-LUKA,15,JIWA,2016
595,32,JAWA BARAT,3211,KABUPATEN SUMEDANG,MENGUNGSI,639,JIWA,2016
596,32,JAWA BARAT,3212,KABUPATEN INDRAMAYU,MENDERITA,6090,JIWA,2016
597,32,JAWA BARAT,3212,KABUPATEN INDRAMAYU,HILANG,0,JIWA,2016
598,32,JAWA BARAT,3212,KABUPATEN INDRAMAYU,MENINGGAL DUNIA,0,JIWA,2016
599,32,JAWA BARAT,3212,KABUPATEN INDRAMAYU,LUKA-LUKA,0,JIWA,2016
600,32,JAWA BARAT,3212,KABUPATEN INDRAMAYU,MENGUNGSI,1440,JIWA,2016
601,32,JAWA BARAT,3213,KABUPATEN SUBANG,MENDERITA,0,JIWA,2016
602,32,JAWA BARAT,3213,KABUPATEN SUBANG,HILANG,0,JIWA,2016
603,32,JAWA BARAT,3213,KABUPATEN SUBANG,MENINGGAL DUNIA,5,JIWA,2016
604,32,JAWA BARAT,3213,KABUPATEN SUBANG,LUKA-LUKA,8,JIWA,2016
605,32,JAWA BARAT,3213,KABUPATEN SUBANG,MENGUNGSI,388,JIWA,2016
606,32,JAWA BARAT,3214,KABUPATEN PURWAKARTA,MENDERITA,24,JIWA,2016
607,32,JAWA BARAT,3214,KABUPATEN PURWAKARTA,HILANG,0,JIWA,2016
608,32,JAWA BARAT,3214,KABUPATEN PURWAKARTA,MENINGGAL DUNIA,0,JIWA,2016
609,32,JAWA BARAT,3214,KABUPATEN PURWAKARTA,LUKA-LUKA,0,JIWA,2016
610,32,JAWA BARAT,3214,KABUPATEN PURWAKARTA,MENGUNGSI,0,JIWA,2016
611,32,JAWA BARAT,3215,KABUPATEN KARAWANG,MENDERITA,65832,JIWA,2016
612,32,JAWA BARAT,3215,KABUPATEN KARAWANG,HILANG,0,JIWA,2016
613,32,JAWA BARAT,3215,KABUPATEN KARAWANG,MENINGGAL DUNIA,2,JIWA,2016
614,32,JAWA BARAT,3215,KABUPATEN KARAWANG,LUKA-LUKA,1,JIWA,2016
615,32,JAWA BARAT,3215,KABUPATEN KARAWANG,MENGUNGSI,7243,JIWA,2016
616,32,JAWA BARAT,3216,KABUPATEN BEKASI,MENDERITA,376,JIWA,2016
617,32,JAWA BARAT,3216,KABUPATEN BEKASI,HILANG,0,JIWA,2016
618,32,JAWA BARAT,3216,KABUPATEN BEKASI,MENINGGAL DUNIA,0,JIWA,2016
619,32,JAWA BARAT,3216,KABUPATEN BEKASI,LUKA-LUKA,0,JIWA,2016
620,32,JAWA BARAT,3216,KABUPATEN BEKASI,MENGUNGSI,370,JIWA,2016
621,32,JAWA BARAT,3217,KABUPATEN BANDUNG BARAT,MENDERITA,466,JIWA,2016
622,32,JAWA BARAT,3217,KABUPATEN BANDUNG BARAT,HILANG,0,JIWA,2016
623,32,JAWA BARAT,3217,KABUPATEN BANDUNG BARAT,MENINGGAL DUNIA,5,JIWA,2016
624,32,JAWA BARAT,3217,KABUPATEN BANDUNG BARAT,LUKA-LUKA,7,JIWA,2016
625,32,JAWA BARAT,3217,KABUPATEN BANDUNG BARAT,MENGUNGSI,441,JIWA,2016
626,32,JAWA BARAT,3218,KABUPATEN PANGANDARAN,MENDERITA,1958,JIWA,2016
627,32,JAWA BARAT,3218,KABUPATEN PANGANDARAN,HILANG,0,JIWA,2016
628,32,JAWA BARAT,3218,KABUPATEN PANGANDARAN,MENINGGAL DUNIA,1,JIWA,2016
629,32,JAWA BARAT,3218,KABUPATEN PANGANDARAN,LUKA-LUKA,3,JIWA,2016
630,32,JAWA BARAT,3218,KABUPATEN PANGANDARAN,MENGUNGSI,183,JIWA,2016
631,32,JAWA BARAT,3271,KOTA BOGOR,MENDERITA,236,JIWA,2016
632,32,JAWA BARAT,3271,KOTA BOGOR,HILANG,0,JIWA,2016
633,32,JAWA BARAT,3271,KOTA BOGOR,MENINGGAL DUNIA,2,JIWA,2016
634,32,JAWA BARAT,3271,KOTA BOGOR,LUKA-LUKA,12,JIWA,2016
635,32,JAWA BARAT,3271,KOTA BOGOR,MENGUNGSI,163,JIWA,2016
636,32,JAWA BARAT,3272,KOTA SUKABUMI,MENDERITA,40,JIWA,2016
637,32,JAWA BARAT,3272,KOTA SUKABUMI,HILANG,0,JIWA,2016
638,32,JAWA BARAT,3272,KOTA SUKABUMI,MENINGGAL DUNIA,0,JIWA,2016
639,32,JAWA BARAT,3272,KOTA SUKABUMI,LUKA-LUKA,0,JIWA,2016
640,32,JAWA BARAT,3272,KOTA SUKABUMI,MENGUNGSI,0,JIWA,2016
641,32,JAWA BARAT,3273,KOTA BANDUNG,MENDERITA,4,JIWA,2016
642,32,JAWA BARAT,3273,KOTA BANDUNG,HILANG,0,JIWA,2016
643,32,JAWA BARAT,3273,KOTA BANDUNG,MENINGGAL DUNIA,3,JIWA,2016
644,32,JAWA BARAT,3273,KOTA BANDUNG,LUKA-LUKA,7,JIWA,2016
645,32,JAWA BARAT,3273,KOTA BANDUNG,MENGUNGSI,0,JIWA,2016
646,32,JAWA BARAT,3274,KOTA CIREBON,MENDERITA,1,JIWA,2016
647,32,JAWA BARAT,3274,KOTA CIREBON,HILANG,0,JIWA,2016
648,32,JAWA BARAT,3274,KOTA CIREBON,MENINGGAL DUNIA,1,JIWA,2016
649,32,JAWA BARAT,3274,KOTA CIREBON,LUKA-LUKA,2,JIWA,2016
650,32,JAWA BARAT,3274,KOTA CIREBON,MENGUNGSI,0,JIWA,2016
651,32,JAWA BARAT,3275,KOTA BEKASI,MENDERITA,4524,JIWA,2016
652,32,JAWA BARAT,3275,KOTA BEKASI,HILANG,0,JIWA,2016
653,32,JAWA BARAT,3275,KOTA BEKASI,MENINGGAL DUNIA,1,JIWA,2016
654,32,JAWA BARAT,3275,KOTA BEKASI,LUKA-LUKA,0,JIWA,2016
655,32,JAWA BARAT,3275,KOTA BEKASI,MENGUNGSI,0,JIWA,2016
656,32,JAWA BARAT,3276,KOTA DEPOK,MENDERITA,0,JIWA,2016
657,32,JAWA BARAT,3276,KOTA DEPOK,HILANG,0,JIWA,2016
658,32,JAWA BARAT,3276,KOTA DEPOK,MENINGGAL DUNIA,0,JIWA,2016
659,32,JAWA BARAT,3276,KOTA DEPOK,LUKA-LUKA,0,JIWA,2016
660,32,JAWA BARAT,3276,KOTA DEPOK,MENGUNGSI,3,JIWA,2016
661,32,JAWA BARAT,3277,KOTA CIMAHI,MENDERITA,4982,JIWA,2016
662,32,JAWA BARAT,3277,KOTA CIMAHI,HILANG,0,JIWA,2016
663,32,JAWA BARAT,3277,KOTA CIMAHI,MENINGGAL DUNIA,0,JIWA,2016
664,32,JAWA BARAT,3277,KOTA CIMAHI,LUKA-LUKA,3,JIWA,2016
665,32,JAWA BARAT,3277,KOTA CIMAHI,MENGUNGSI,151,JIWA,2016
666,32,JAWA BARAT,3278,KOTA TASIKMALAYA,MENDERITA,317,JIWA,2016
667,32,JAWA BARAT,3278,KOTA TASIKMALAYA,HILANG,0,JIWA,2016
668,32,JAWA BARAT,3278,KOTA TASIKMALAYA,MENINGGAL DUNIA,0,JIWA,2016
669,32,JAWA BARAT,3278,KOTA TASIKMALAYA,LUKA-LUKA,2,JIWA,2016
670,32,JAWA BARAT,3278,KOTA TASIKMALAYA,MENGUNGSI,27,JIWA,2016
671,32,JAWA BARAT,3279,KOTA BANJAR,MENDERITA,15,JIWA,2016
672,32,JAWA BARAT,3279,KOTA BANJAR,HILANG,0,JIWA,2016
673,32,JAWA BARAT,3279,KOTA BANJAR,MENINGGAL DUNIA,0,JIWA,2016
674,32,JAWA BARAT,3279,KOTA BANJAR,LUKA-LUKA,0,JIWA,2016
675,32,JAWA BARAT,3279,KOTA BANJAR,MENGUNGSI,15,JIWA,2016
676,32,JAWA BARAT,3201,KABUPATEN BOGOR,MENDERITA,1257,JIWA,2017
677,32,JAWA BARAT,3201,KABUPATEN BOGOR,HILANG,0,JIWA,2017
678,32,JAWA BARAT,3201,KABUPATEN BOGOR,MENINGGAL DUNIA,0,JIWA,2017
679,32,JAWA BARAT,3201,KABUPATEN BOGOR,LUKA-LUKA,20,JIWA,2017
680,32,JAWA BARAT,3201,KABUPATEN BOGOR,MENGUNGSI,638,JIWA,2017
681,32,JAWA BARAT,3202,KABUPATEN SUKABUMI,MENDERITA,1036,JIWA,2017
682,32,JAWA BARAT,3202,KABUPATEN SUKABUMI,HILANG,0,JIWA,2017
683,32,JAWA BARAT,3202,KABUPATEN SUKABUMI,MENINGGAL DUNIA,1,JIWA,2017
684,32,JAWA BARAT,3202,KABUPATEN SUKABUMI,LUKA-LUKA,6,JIWA,2017
685,32,JAWA BARAT,3202,KABUPATEN SUKABUMI,MENGUNGSI,102,JIWA,2017
686,32,JAWA BARAT,3203,KABUPATEN CIANJUR,MENDERITA,2717,JIWA,2017
687,32,JAWA BARAT,3203,KABUPATEN CIANJUR,HILANG,1,JIWA,2017
688,32,JAWA BARAT,3203,KABUPATEN CIANJUR,MENINGGAL DUNIA,5,JIWA,2017
689,32,JAWA BARAT,3203,KABUPATEN CIANJUR,LUKA-LUKA,3,JIWA,2017
690,32,JAWA BARAT,3203,KABUPATEN CIANJUR,MENGUNGSI,1321,JIWA,2017
691,32,JAWA BARAT,3204,KABUPATEN BANDUNG,MENDERITA,12997,JIWA,2017
692,32,JAWA BARAT,3204,KABUPATEN BANDUNG,HILANG,1,JIWA,2017
693,32,JAWA BARAT,3204,KABUPATEN BANDUNG,MENINGGAL DUNIA,2,JIWA,2017
694,32,JAWA BARAT,3204,KABUPATEN BANDUNG,LUKA-LUKA,5,JIWA,2017
695,32,JAWA BARAT,3204,KABUPATEN BANDUNG,MENGUNGSI,2644,JIWA,2017
696,32,JAWA BARAT,3205,KABUPATEN GARUT,MENDERITA,53,JIWA,2017
697,32,JAWA BARAT,3205,KABUPATEN GARUT,HILANG,0,JIWA,2017
698,32,JAWA BARAT,3205,KABUPATEN GARUT,MENINGGAL DUNIA,6,JIWA,2017
699,32,JAWA BARAT,3205,KABUPATEN GARUT,LUKA-LUKA,4,JIWA,2017
700,32,JAWA BARAT,3205,KABUPATEN GARUT,MENGUNGSI,21,JIWA,2017
701,32,JAWA BARAT,3206,KABUPATEN TASIKMALAYA,MENDERITA,408,JIWA,2017
702,32,JAWA BARAT,3206,KABUPATEN TASIKMALAYA,HILANG,0,JIWA,2017
703,32,JAWA BARAT,3206,KABUPATEN TASIKMALAYA,MENINGGAL DUNIA,2,JIWA,2017
704,32,JAWA BARAT,3206,KABUPATEN TASIKMALAYA,LUKA-LUKA,5,JIWA,2017
705,32,JAWA BARAT,3206,KABUPATEN TASIKMALAYA,MENGUNGSI,68,JIWA,2017
706,32,JAWA BARAT,3207,KABUPATEN CIAMIS,MENDERITA,184,JIWA,2017
707,32,JAWA BARAT,3207,KABUPATEN CIAMIS,HILANG,0,JIWA,2017
708,32,JAWA BARAT,3207,KABUPATEN CIAMIS,MENINGGAL DUNIA,3,JIWA,2017
709,32,JAWA BARAT,3207,KABUPATEN CIAMIS,LUKA-LUKA,9,JIWA,2017
710,32,JAWA BARAT,3207,KABUPATEN CIAMIS,MENGUNGSI,47,JIWA,2017
711,32,JAWA BARAT,3208,KABUPATEN KUNINGAN,MENDERITA,6502,JIWA,2017
712,32,JAWA BARAT,3208,KABUPATEN KUNINGAN,HILANG,0,JIWA,2017
713,32,JAWA BARAT,3208,KABUPATEN KUNINGAN,MENINGGAL DUNIA,2,JIWA,2017
714,32,JAWA BARAT,3208,KABUPATEN KUNINGAN,LUKA-LUKA,0,JIWA,2017
715,32,JAWA BARAT,3208,KABUPATEN KUNINGAN,MENGUNGSI,20,JIWA,2017
716,32,JAWA BARAT,3209,KABUPATEN CIREBON,MENDERITA,14980,JIWA,2017
717,32,JAWA BARAT,3209,KABUPATEN CIREBON,HILANG,0,JIWA,2017
718,32,JAWA BARAT,3209,KABUPATEN CIREBON,MENINGGAL DUNIA,1,JIWA,2017
719,32,JAWA BARAT,3209,KABUPATEN CIREBON,LUKA-LUKA,8,JIWA,2017
720,32,JAWA BARAT,3209,KABUPATEN CIREBON,MENGUNGSI,2811,JIWA,2017
721,32,JAWA BARAT,3210,KABUPATEN MAJALENGKA,MENDERITA,60,JIWA,2017
722,32,JAWA BARAT,3210,KABUPATEN MAJALENGKA,HILANG,0,JIWA,2017
723,32,JAWA BARAT,3210,KABUPATEN MAJALENGKA,MENINGGAL DUNIA,0,JIWA,2017
724,32,JAWA BARAT,3210,KABUPATEN MAJALENGKA,LUKA-LUKA,1,JIWA,2017
725,32,JAWA BARAT,3210,KABUPATEN MAJALENGKA,MENGUNGSI,7,JIWA,2017
726,32,JAWA BARAT,3211,KABUPATEN SUMEDANG,MENDERITA,226,JIWA,2017
727,32,JAWA BARAT,3211,KABUPATEN SUMEDANG,HILANG,0,JIWA,2017
728,32,JAWA BARAT,3211,KABUPATEN SUMEDANG,MENINGGAL DUNIA,0,JIWA,2017
729,32,JAWA BARAT,3211,KABUPATEN SUMEDANG,LUKA-LUKA,1,JIWA,2017
730,32,JAWA BARAT,3211,KABUPATEN SUMEDANG,MENGUNGSI,73,JIWA,2017
731,32,JAWA BARAT,3212,KABUPATEN INDRAMAYU,MENDERITA,58,JIWA,2017
732,32,JAWA BARAT,3212,KABUPATEN INDRAMAYU,HILANG,0,JIWA,2017
733,32,JAWA BARAT,3212,KABUPATEN INDRAMAYU,MENINGGAL DUNIA,0,JIWA,2017
734,32,JAWA BARAT,3212,KABUPATEN INDRAMAYU,LUKA-LUKA,3,JIWA,2017
735,32,JAWA BARAT,3212,KABUPATEN INDRAMAYU,MENGUNGSI,72,JIWA,2017
736,32,JAWA BARAT,3213,KABUPATEN SUBANG,MENDERITA,62,JIWA,2017
737,32,JAWA BARAT,3213,KABUPATEN SUBANG,HILANG,0,JIWA,2017
738,32,JAWA BARAT,3213,KABUPATEN SUBANG,MENINGGAL DUNIA,1,JIWA,2017
739,32,JAWA BARAT,3213,KABUPATEN SUBANG,LUKA-LUKA,2,JIWA,2017
740,32,JAWA BARAT,3213,KABUPATEN SUBANG,MENGUNGSI,0,JIWA,2017
741,32,JAWA BARAT,3214,KABUPATEN PURWAKARTA,MENDERITA,28,JIWA,2017
742,32,JAWA BARAT,3214,KABUPATEN PURWAKARTA,HILANG,0,JIWA,2017
743,32,JAWA BARAT,3214,KABUPATEN PURWAKARTA,MENINGGAL DUNIA,0,JIWA,2017
744,32,JAWA BARAT,3214,KABUPATEN PURWAKARTA,LUKA-LUKA,0,JIWA,2017
745,32,JAWA BARAT,3214,KABUPATEN PURWAKARTA,MENGUNGSI,0,JIWA,2017
746,32,JAWA BARAT,3215,KABUPATEN KARAWANG,MENDERITA,1327,JIWA,2017
747,32,JAWA BARAT,3215,KABUPATEN KARAWANG,HILANG,0,JIWA,2017
748,32,JAWA BARAT,3215,KABUPATEN KARAWANG,MENINGGAL DUNIA,0,JIWA,2017
749,32,JAWA BARAT,3215,KABUPATEN KARAWANG,LUKA-LUKA,0,JIWA,2017
750,32,JAWA BARAT,3215,KABUPATEN KARAWANG,MENGUNGSI,760,JIWA,2017
751,32,JAWA BARAT,3216,KABUPATEN BEKASI,MENDERITA,42,JIWA,2017
752,32,JAWA BARAT,3216,KABUPATEN BEKASI,HILANG,0,JIWA,2017
753,32,JAWA BARAT,3216,KABUPATEN BEKASI,MENINGGAL DUNIA,0,JIWA,2017
754,32,JAWA BARAT,3216,KABUPATEN BEKASI,LUKA-LUKA,0,JIWA,2017
755,32,JAWA BARAT,3216,KABUPATEN BEKASI,MENGUNGSI,35,JIWA,2017
756,32,JAWA BARAT,3217,KABUPATEN BANDUNG BARAT,MENDERITA,1000,JIWA,2017
757,32,JAWA BARAT,3217,KABUPATEN BANDUNG BARAT,HILANG,0,JIWA,2017
758,32,JAWA BARAT,3217,KABUPATEN BANDUNG BARAT,MENINGGAL DUNIA,0,JIWA,2017
759,32,JAWA BARAT,3217,KABUPATEN BANDUNG BARAT,LUKA-LUKA,7,JIWA,2017
760,32,JAWA BARAT,3217,KABUPATEN BANDUNG BARAT,MENGUNGSI,164,JIWA,2017
761,32,JAWA BARAT,3218,KABUPATEN PANGANDARAN,MENDERITA,3120,JIWA,2017
762,32,JAWA BARAT,3218,KABUPATEN PANGANDARAN,HILANG,0,JIWA,2017
763,32,JAWA BARAT,3218,KABUPATEN PANGANDARAN,MENINGGAL DUNIA,4,JIWA,2017
764,32,JAWA BARAT,3218,KABUPATEN PANGANDARAN,LUKA-LUKA,3,JIWA,2017
765,32,JAWA BARAT,3218,KABUPATEN PANGANDARAN,MENGUNGSI,7,JIWA,2017
766,32,JAWA BARAT,3271,KOTA BOGOR,MENDERITA,1243,JIWA,2017
767,32,JAWA BARAT,3271,KOTA BOGOR,HILANG,0,JIWA,2017
768,32,JAWA BARAT,3271,KOTA BOGOR,MENINGGAL DUNIA,3,JIWA,2017
769,32,JAWA BARAT,3271,KOTA BOGOR,LUKA-LUKA,18,JIWA,2017
770,32,JAWA BARAT,3271,KOTA BOGOR,MENGUNGSI,436,JIWA,2017
771,32,JAWA BARAT,3272,KOTA SUKABUMI,MENDERITA,0,JIWA,2017
772,32,JAWA BARAT,3272,KOTA SUKABUMI,HILANG,0,JIWA,2017
773,32,JAWA BARAT,3272,KOTA SUKABUMI,MENINGGAL DUNIA,0,JIWA,2017
774,32,JAWA BARAT,3272,KOTA SUKABUMI,LUKA-LUKA,0,JIWA,2017
775,32,JAWA BARAT,3272,KOTA SUKABUMI,MENGUNGSI,0,JIWA,2017
776,32,JAWA BARAT,3273,KOTA BANDUNG,MENDERITA,1717,JIWA,2017
777,32,JAWA BARAT,3273,KOTA BANDUNG,HILANG,0,JIWA,2017
778,32,JAWA BARAT,3273,KOTA BANDUNG,MENINGGAL DUNIA,2,JIWA,2017
779,32,JAWA BARAT,3273,KOTA BANDUNG,LUKA-LUKA,10,JIWA,2017
780,32,JAWA BARAT,3273,KOTA BANDUNG,MENGUNGSI,0,JIWA,2017
781,32,JAWA BARAT,3274,KOTA CIREBON,MENDERITA,7,JIWA,2017
782,32,JAWA BARAT,3274,KOTA CIREBON,HILANG,0,JIWA,2017
783,32,JAWA BARAT,3274,KOTA CIREBON,MENINGGAL DUNIA,0,JIWA,2017
784,32,JAWA BARAT,3274,KOTA CIREBON,LUKA-LUKA,4,JIWA,2017
785,32,JAWA BARAT,3274,KOTA CIREBON,MENGUNGSI,0,JIWA,2017
786,32,JAWA BARAT,3275,KOTA BEKASI,MENDERITA,223,JIWA,2017
787,32,JAWA BARAT,3275,KOTA BEKASI,HILANG,0,JIWA,2017
788,32,JAWA BARAT,3275,KOTA BEKASI,MENINGGAL DUNIA,0,JIWA,2017
789,32,JAWA BARAT,3275,KOTA BEKASI,LUKA-LUKA,0,JIWA,2017
790,32,JAWA BARAT,3275,KOTA BEKASI,MENGUNGSI,14,JIWA,2017
791,32,JAWA BARAT,3276,KOTA DEPOK,MENDERITA,0,JIWA,2017
792,32,JAWA BARAT,3276,KOTA DEPOK,HILANG,0,JIWA,2017
793,32,JAWA BARAT,3276,KOTA DEPOK,MENINGGAL DUNIA,0,JIWA,2017
794,32,JAWA BARAT,3276,KOTA DEPOK,LUKA-LUKA,0,JIWA,2017
795,32,JAWA BARAT,3276,KOTA DEPOK,MENGUNGSI,0,JIWA,2017
796,32,JAWA BARAT,3277,KOTA CIMAHI,MENDERITA,336,JIWA,2017
797,32,JAWA BARAT,3277,KOTA CIMAHI,HILANG,0,JIWA,2017
798,32,JAWA BARAT,3277,KOTA CIMAHI,MENINGGAL DUNIA,0,JIWA,2017
799,32,JAWA BARAT,3277,KOTA CIMAHI,LUKA-LUKA,3,JIWA,2017
800,32,JAWA BARAT,3277,KOTA CIMAHI,MENGUNGSI,5,JIWA,2017
801,32,JAWA BARAT,3278,KOTA TASIKMALAYA,MENDERITA,348,JIWA,2017
802,32,JAWA BARAT,3278,KOTA TASIKMALAYA,HILANG,0,JIWA,2017
803,32,JAWA BARAT,3278,KOTA TASIKMALAYA,MENINGGAL DUNIA,0,JIWA,2017
804,32,JAWA BARAT,3278,KOTA TASIKMALAYA,LUKA-LUKA,0,JIWA,2017
805,32,JAWA BARAT,3278,KOTA TASIKMALAYA,MENGUNGSI,84,JIWA,2017
806,32,JAWA BARAT,3279,KOTA BANJAR,MENDERITA,60,JIWA,2017
807,32,JAWA BARAT,3279,KOTA BANJAR,HILANG,0,JIWA,2017
808,32,JAWA BARAT,3279,KOTA BANJAR,MENINGGAL DUNIA,0,JIWA,2017
809,32,JAWA BARAT,3279,KOTA BANJAR,LUKA-LUKA,0,JIWA,2017
810,32,JAWA BARAT,3279,KOTA BANJAR,MENGUNGSI,0,JIWA,2017
811,32,JAWA BARAT,3201,KABUPATEN BOGOR,MENDERITA,1009,JIWA,2018
812,32,JAWA BARAT,3201,KABUPATEN BOGOR,HILANG,0,JIWA,2018
813,32,JAWA BARAT,3201,KABUPATEN BOGOR,MENINGGAL DUNIA,0,JIWA,2018
814,32,JAWA BARAT,3201,KABUPATEN BOGOR,LUKA-LUKA,9,JIWA,2018
815,32,JAWA BARAT,3201,KABUPATEN BOGOR,MENGUNGSI,10,JIWA,2018
816,32,JAWA BARAT,3202,KABUPATEN SUKABUMI,MENDERITA,16939,JIWA,2018
817,32,JAWA BARAT,3202,KABUPATEN SUKABUMI,HILANG,21,JIWA,2018
818,32,JAWA BARAT,3202,KABUPATEN SUKABUMI,MENINGGAL DUNIA,14,JIWA,2018
819,32,JAWA BARAT,3202,KABUPATEN SUKABUMI,LUKA-LUKA,8,JIWA,2018
820,32,JAWA BARAT,3202,KABUPATEN SUKABUMI,MENGUNGSI,220,JIWA,2018
821,32,JAWA BARAT,3203,KABUPATEN CIANJUR,MENDERITA,736,JIWA,2018
822,32,JAWA BARAT,3203,KABUPATEN CIANJUR,HILANG,0,JIWA,2018
823,32,JAWA BARAT,3203,KABUPATEN CIANJUR,MENINGGAL DUNIA,0,JIWA,2018
824,32,JAWA BARAT,3203,KABUPATEN CIANJUR,LUKA-LUKA,5,JIWA,2018
825,32,JAWA BARAT,3203,KABUPATEN CIANJUR,MENGUNGSI,0,JIWA,2018
826,32,JAWA BARAT,3204,KABUPATEN BANDUNG,MENDERITA,329,JIWA,2018
827,32,JAWA BARAT,3204,KABUPATEN BANDUNG,HILANG,0,JIWA,2018
828,32,JAWA BARAT,3204,KABUPATEN BANDUNG,MENINGGAL DUNIA,1,JIWA,2018
829,32,JAWA BARAT,3204,KABUPATEN BANDUNG,LUKA-LUKA,1,JIWA,2018
830,32,JAWA BARAT,3204,KABUPATEN BANDUNG,MENGUNGSI,2255,JIWA,2018
831,32,JAWA BARAT,3205,KABUPATEN GARUT,MENDERITA,0,JIWA,2018
832,32,JAWA BARAT,3205,KABUPATEN GARUT,HILANG,0,JIWA,2018
833,32,JAWA BARAT,3205,KABUPATEN GARUT,MENINGGAL DUNIA,0,JIWA,2018
834,32,JAWA BARAT,3205,KABUPATEN GARUT,LUKA-LUKA,0,JIWA,2018
835,32,JAWA BARAT,3205,KABUPATEN GARUT,MENGUNGSI,10,JIWA,2018
836,32,JAWA BARAT,3206,KABUPATEN TASIKMALAYA,MENDERITA,38,JIWA,2018
837,32,JAWA BARAT,3206,KABUPATEN TASIKMALAYA,HILANG,0,JIWA,2018
838,32,JAWA BARAT,3206,KABUPATEN TASIKMALAYA,MENINGGAL DUNIA,7,JIWA,2018
839,32,JAWA BARAT,3206,KABUPATEN TASIKMALAYA,LUKA-LUKA,0,JIWA,2018
840,32,JAWA BARAT,3206,KABUPATEN TASIKMALAYA,MENGUNGSI,1846,JIWA,2018
841,32,JAWA BARAT,3207,KABUPATEN CIAMIS,MENDERITA,106,JIWA,2018
842,32,JAWA BARAT,3207,KABUPATEN CIAMIS,HILANG,0,JIWA,2018
843,32,JAWA BARAT,3207,KABUPATEN CIAMIS,MENINGGAL DUNIA,0,JIWA,2018
844,32,JAWA BARAT,3207,KABUPATEN CIAMIS,LUKA-LUKA,1,JIWA,2018
845,32,JAWA BARAT,3207,KABUPATEN CIAMIS,MENGUNGSI,6,JIWA,2018
846,32,JAWA BARAT,3208,KABUPATEN KUNINGAN,MENDERITA,5806,JIWA,2018
847,32,JAWA BARAT,3208,KABUPATEN KUNINGAN,HILANG,0,JIWA,2018
848,32,JAWA BARAT,3208,KABUPATEN KUNINGAN,MENINGGAL DUNIA,0,JIWA,2018
849,32,JAWA BARAT,3208,KABUPATEN KUNINGAN,LUKA-LUKA,0,JIWA,2018
850,32,JAWA BARAT,3208,KABUPATEN KUNINGAN,MENGUNGSI,0,JIWA,2018
851,32,JAWA BARAT,3209,KABUPATEN CIREBON,MENDERITA,43622,JIWA,2018
852,32,JAWA BARAT,3209,KABUPATEN CIREBON,HILANG,0,JIWA,2018
853,32,JAWA BARAT,3209,KABUPATEN CIREBON,MENINGGAL DUNIA,3,JIWA,2018
854,32,JAWA BARAT,3209,KABUPATEN CIREBON,LUKA-LUKA,20,JIWA,2018
855,32,JAWA BARAT,3209,KABUPATEN CIREBON,MENGUNGSI,8,JIWA,2018
856,32,JAWA BARAT,3210,KABUPATEN MAJALENGKA,MENDERITA,1217,JIWA,2018
857,32,JAWA BARAT,3210,KABUPATEN MAJALENGKA,HILANG,0,JIWA,2018
858,32,JAWA BARAT,3210,KABUPATEN MAJALENGKA,MENINGGAL DUNIA,1,JIWA,2018
859,32,JAWA BARAT,3210,KABUPATEN MAJALENGKA,LUKA-LUKA,0,JIWA,2018
860,32,JAWA BARAT,3210,KABUPATEN MAJALENGKA,MENGUNGSI,7,JIWA,2018
861,32,JAWA BARAT,3211,KABUPATEN SUMEDANG,MENDERITA,1062,JIWA,2018
862,32,JAWA BARAT,3211,KABUPATEN SUMEDANG,HILANG,0,JIWA,2018
863,32,JAWA BARAT,3211,KABUPATEN SUMEDANG,MENINGGAL DUNIA,1,JIWA,2018
864,32,JAWA BARAT,3211,KABUPATEN SUMEDANG,LUKA-LUKA,5,JIWA,2018
865,32,JAWA BARAT,3211,KABUPATEN SUMEDANG,MENGUNGSI,172,JIWA,2018
866,32,JAWA BARAT,3212,KABUPATEN INDRAMAYU,MENDERITA,6283,JIWA,2018
867,32,JAWA BARAT,3212,KABUPATEN INDRAMAYU,HILANG,0,JIWA,2018
868,32,JAWA BARAT,3212,KABUPATEN INDRAMAYU,MENINGGAL DUNIA,0,JIWA,2018
869,32,JAWA BARAT,3212,KABUPATEN INDRAMAYU,LUKA-LUKA,0,JIWA,2018
870,32,JAWA BARAT,3212,KABUPATEN INDRAMAYU,MENGUNGSI,0,JIWA,2018
871,32,JAWA BARAT,3213,KABUPATEN SUBANG,MENDERITA,3,JIWA,2018
872,32,JAWA BARAT,3213,KABUPATEN SUBANG,HILANG,0,JIWA,2018
873,32,JAWA BARAT,3213,KABUPATEN SUBANG,MENINGGAL DUNIA,0,JIWA,2018
874,32,JAWA BARAT,3213,KABUPATEN SUBANG,LUKA-LUKA,0,JIWA,2018
875,32,JAWA BARAT,3213,KABUPATEN SUBANG,MENGUNGSI,1200,JIWA,2018
876,32,JAWA BARAT,3214,KABUPATEN PURWAKARTA,MENDERITA,5,JIWA,2018
877,32,JAWA BARAT,3214,KABUPATEN PURWAKARTA,HILANG,0,JIWA,2018
878,32,JAWA BARAT,3214,KABUPATEN PURWAKARTA,MENINGGAL DUNIA,4,JIWA,2018
879,32,JAWA BARAT,3214,KABUPATEN PURWAKARTA,LUKA-LUKA,11,JIWA,2018
880,32,JAWA BARAT,3214,KABUPATEN PURWAKARTA,MENGUNGSI,0,JIWA,2018
881,32,JAWA BARAT,3215,KABUPATEN KARAWANG,MENDERITA,6163,JIWA,2018
882,32,JAWA BARAT,3215,KABUPATEN KARAWANG,HILANG,0,JIWA,2018
883,32,JAWA BARAT,3215,KABUPATEN KARAWANG,MENINGGAL DUNIA,0,JIWA,2018
884,32,JAWA BARAT,3215,KABUPATEN KARAWANG,LUKA-LUKA,3,JIWA,2018
885,32,JAWA BARAT,3215,KABUPATEN KARAWANG,MENGUNGSI,0,JIWA,2018
886,32,JAWA BARAT,3216,KABUPATEN BEKASI,MENDERITA,10,JIWA,2018
887,32,JAWA BARAT,3216,KABUPATEN BEKASI,HILANG,0,JIWA,2018
888,32,JAWA BARAT,3216,KABUPATEN BEKASI,MENINGGAL DUNIA,0,JIWA,2018
889,32,JAWA BARAT,3216,KABUPATEN BEKASI,LUKA-LUKA,0,JIWA,2018
890,32,JAWA BARAT,3216,KABUPATEN BEKASI,MENGUNGSI,0,JIWA,2018
891,32,JAWA BARAT,3217,KABUPATEN BANDUNG BARAT,MENDERITA,235,JIWA,2018
892,32,JAWA BARAT,3217,KABUPATEN BANDUNG BARAT,HILANG,0,JIWA,2018
893,32,JAWA BARAT,3217,KABUPATEN BANDUNG BARAT,MENINGGAL DUNIA,2,JIWA,2018
894,32,JAWA BARAT,3217,KABUPATEN BANDUNG BARAT,LUKA-LUKA,11,JIWA,2018
895,32,JAWA BARAT,3217,KABUPATEN BANDUNG BARAT,MENGUNGSI,18,JIWA,2018
896,32,JAWA BARAT,3218,KABUPATEN PANGANDARAN,MENDERITA,1351,JIWA,2018
897,32,JAWA BARAT,3218,KABUPATEN PANGANDARAN,HILANG,0,JIWA,2018
898,32,JAWA BARAT,3218,KABUPATEN PANGANDARAN,MENINGGAL DUNIA,1,JIWA,2018
899,32,JAWA BARAT,3218,KABUPATEN PANGANDARAN,LUKA-LUKA,1,JIWA,2018
900,32,JAWA BARAT,3218,KABUPATEN PANGANDARAN,MENGUNGSI,4869,JIWA,2018
901,32,JAWA BARAT,3271,KOTA BOGOR,MENDERITA,1182,JIWA,2018
902,32,JAWA BARAT,3271,KOTA BOGOR,HILANG,0,JIWA,2018
903,32,JAWA BARAT,3271,KOTA BOGOR,MENINGGAL DUNIA,1,JIWA,2018
904,32,JAWA BARAT,3271,KOTA BOGOR,LUKA-LUKA,12,JIWA,2018
905,32,JAWA BARAT,3271,KOTA BOGOR,MENGUNGSI,7,JIWA,2018
906,32,JAWA BARAT,3272,KOTA SUKABUMI,MENDERITA,0,JIWA,2018
907,32,JAWA BARAT,3272,KOTA SUKABUMI,HILANG,0,JIWA,2018
908,32,JAWA BARAT,3272,KOTA SUKABUMI,MENINGGAL DUNIA,0,JIWA,2018
909,32,JAWA BARAT,3272,KOTA SUKABUMI,LUKA-LUKA,0,JIWA,2018
910,32,JAWA BARAT,3272,KOTA SUKABUMI,MENGUNGSI,0,JIWA,2018
911,32,JAWA BARAT,3273,KOTA BANDUNG,MENDERITA,742,JIWA,2018
912,32,JAWA BARAT,3273,KOTA BANDUNG,HILANG,0,JIWA,2018
913,32,JAWA BARAT,3273,KOTA BANDUNG,MENINGGAL DUNIA,1,JIWA,2018
914,32,JAWA BARAT,3273,KOTA BANDUNG,LUKA-LUKA,8,JIWA,2018
915,32,JAWA BARAT,3273,KOTA BANDUNG,MENGUNGSI,0,JIWA,2018
916,32,JAWA BARAT,3274,KOTA CIREBON,MENDERITA,2465,JIWA,2018
917,32,JAWA BARAT,3274,KOTA CIREBON,HILANG,0,JIWA,2018
918,32,JAWA BARAT,3274,KOTA CIREBON,MENINGGAL DUNIA,1,JIWA,2018
919,32,JAWA BARAT,3274,KOTA CIREBON,LUKA-LUKA,2,JIWA,2018
920,32,JAWA BARAT,3274,KOTA CIREBON,MENGUNGSI,0,JIWA,2018
921,32,JAWA BARAT,3275,KOTA BEKASI,MENDERITA,387,JIWA,2018
922,32,JAWA BARAT,3275,KOTA BEKASI,HILANG,0,JIWA,2018
923,32,JAWA BARAT,3275,KOTA BEKASI,MENINGGAL DUNIA,0,JIWA,2018
924,32,JAWA BARAT,3275,KOTA BEKASI,LUKA-LUKA,0,JIWA,2018
925,32,JAWA BARAT,3275,KOTA BEKASI,MENGUNGSI,1,JIWA,2018
926,32,JAWA BARAT,3276,KOTA DEPOK,MENDERITA,0,JIWA,2018
927,32,JAWA BARAT,3276,KOTA DEPOK,HILANG,0,JIWA,2018
928,32,JAWA BARAT,3276,KOTA DEPOK,MENINGGAL DUNIA,0,JIWA,2018
929,32,JAWA BARAT,3276,KOTA DEPOK,LUKA-LUKA,0,JIWA,2018
930,32,JAWA BARAT,3276,KOTA DEPOK,MENGUNGSI,0,JIWA,2018
931,32,JAWA BARAT,3277,KOTA CIMAHI,MENDERITA,1127,JIWA,2018
932,32,JAWA BARAT,3277,KOTA CIMAHI,HILANG,0,JIWA,2018
933,32,JAWA BARAT,3277,KOTA CIMAHI,MENINGGAL DUNIA,3,JIWA,2018
934,32,JAWA BARAT,3277,KOTA CIMAHI,LUKA-LUKA,0,JIWA,2018
935,32,JAWA BARAT,3277,KOTA CIMAHI,MENGUNGSI,0,JIWA,2018
936,32,JAWA BARAT,3278,KOTA TASIKMALAYA,MENDERITA,106,JIWA,2018
937,32,JAWA BARAT,3278,KOTA TASIKMALAYA,HILANG,0,JIWA,2018
938,32,JAWA BARAT,3278,KOTA TASIKMALAYA,MENINGGAL DUNIA,0,JIWA,2018
939,32,JAWA BARAT,3278,KOTA TASIKMALAYA,LUKA-LUKA,0,JIWA,2018
940,32,JAWA BARAT,3278,KOTA TASIKMALAYA,MENGUNGSI,0,JIWA,2018
941,32,JAWA BARAT,3279,KOTA BANJAR,MENDERITA,0,JIWA,2018
942,32,JAWA BARAT,3279,KOTA BANJAR,HILANG,0,JIWA,2018
943,32,JAWA BARAT,3279,KOTA BANJAR,MENINGGAL DUNIA,1,JIWA,2018
944,32,JAWA BARAT,3279,KOTA BANJAR,LUKA-LUKA,0,JIWA,2018
945,32,JAWA BARAT,3279,KOTA BANJAR,MENGUNGSI,0,JIWA,2018
946,32,JAWA BARAT,3201,KABUPATEN BOGOR,MENDERITA,4626,JIWA,2019
947,32,JAWA BARAT,3201,KABUPATEN BOGOR,HILANG,2,JIWA,2019
948,32,JAWA BARAT,3201,KABUPATEN BOGOR,MENINGGAL DUNIA,0,JIWA,2019
949,32,JAWA BARAT,3201,KABUPATEN BOGOR,LUKA-LUKA,34,JIWA,2019
950,32,JAWA BARAT,3201,KABUPATEN BOGOR,MENGUNGSI,74,JIWA,2019
951,32,JAWA BARAT,3202,KABUPATEN SUKABUMI,MENDERITA,1441,JIWA,2019
952,32,JAWA BARAT,3202,KABUPATEN SUKABUMI,HILANG,0,JIWA,2019
953,32,JAWA BARAT,3202,KABUPATEN SUKABUMI,MENINGGAL DUNIA,5,JIWA,2019
954,32,JAWA BARAT,3202,KABUPATEN SUKABUMI,LUKA-LUKA,16,JIWA,2019
955,32,JAWA BARAT,3202,KABUPATEN SUKABUMI,MENGUNGSI,117,JIWA,2019
956,32,JAWA BARAT,3203,KABUPATEN CIANJUR,MENDERITA,146,JIWA,2019
957,32,JAWA BARAT,3203,KABUPATEN CIANJUR,HILANG,0,JIWA,2019
958,32,JAWA BARAT,3203,KABUPATEN CIANJUR,MENINGGAL DUNIA,4,JIWA,2019
959,32,JAWA BARAT,3203,KABUPATEN CIANJUR,LUKA-LUKA,1,JIWA,2019
960,32,JAWA BARAT,3203,KABUPATEN CIANJUR,MENGUNGSI,51,JIWA,2019
961,32,JAWA BARAT,3204,KABUPATEN BANDUNG,MENDERITA,44494,JIWA,2019
962,32,JAWA BARAT,3204,KABUPATEN BANDUNG,HILANG,0,JIWA,2019
963,32,JAWA BARAT,3204,KABUPATEN BANDUNG,MENINGGAL DUNIA,5,JIWA,2019
964,32,JAWA BARAT,3204,KABUPATEN BANDUNG,LUKA-LUKA,27,JIWA,2019
965,32,JAWA BARAT,3204,KABUPATEN BANDUNG,MENGUNGSI,2311,JIWA,2019
966,32,JAWA BARAT,3205,KABUPATEN GARUT,MENDERITA,2048,JIWA,2019
967,32,JAWA BARAT,3205,KABUPATEN GARUT,HILANG,0,JIWA,2019
968,32,JAWA BARAT,3205,KABUPATEN GARUT,MENINGGAL DUNIA,4,JIWA,2019
969,32,JAWA BARAT,3205,KABUPATEN GARUT,LUKA-LUKA,10,JIWA,2019
970,32,JAWA BARAT,3205,KABUPATEN GARUT,MENGUNGSI,280,JIWA,2019
971,32,JAWA BARAT,3206,KABUPATEN TASIKMALAYA,MENDERITA,75,JIWA,2019
972,32,JAWA BARAT,3206,KABUPATEN TASIKMALAYA,HILANG,0,JIWA,2019
973,32,JAWA BARAT,3206,KABUPATEN TASIKMALAYA,MENINGGAL DUNIA,1,JIWA,2019
974,32,JAWA BARAT,3206,KABUPATEN TASIKMALAYA,LUKA-LUKA,0,JIWA,2019
975,32,JAWA BARAT,3206,KABUPATEN TASIKMALAYA,MENGUNGSI,0,JIWA,2019
976,32,JAWA BARAT,3207,KABUPATEN CIAMIS,MENDERITA,907,JIWA,2019
977,32,JAWA BARAT,3207,KABUPATEN CIAMIS,HILANG,0,JIWA,2019
978,32,JAWA BARAT,3207,KABUPATEN CIAMIS,MENINGGAL DUNIA,1,JIWA,2019
979,32,JAWA BARAT,3207,KABUPATEN CIAMIS,LUKA-LUKA,4,JIWA,2019
980,32,JAWA BARAT,3207,KABUPATEN CIAMIS,MENGUNGSI,0,JIWA,2019
981,32,JAWA BARAT,3208,KABUPATEN KUNINGAN,MENDERITA,446,JIWA,2019
982,32,JAWA BARAT,3208,KABUPATEN KUNINGAN,HILANG,0,JIWA,2019
983,32,JAWA BARAT,3208,KABUPATEN KUNINGAN,MENINGGAL DUNIA,0,JIWA,2019
984,32,JAWA BARAT,3208,KABUPATEN KUNINGAN,LUKA-LUKA,2,JIWA,2019
985,32,JAWA BARAT,3208,KABUPATEN KUNINGAN,MENGUNGSI,0,JIWA,2019
986,32,JAWA BARAT,3209,KABUPATEN CIREBON,MENDERITA,7731,JIWA,2019
987,32,JAWA BARAT,3209,KABUPATEN CIREBON,HILANG,0,JIWA,2019
988,32,JAWA BARAT,3209,KABUPATEN CIREBON,MENINGGAL DUNIA,1,JIWA,2019
989,32,JAWA BARAT,3209,KABUPATEN CIREBON,LUKA-LUKA,0,JIWA,2019
990,32,JAWA BARAT,3209,KABUPATEN CIREBON,MENGUNGSI,170,JIWA,2019
991,32,JAWA BARAT,3210,KABUPATEN MAJALENGKA,MENDERITA,466,JIWA,2019
992,32,JAWA BARAT,3210,KABUPATEN MAJALENGKA,HILANG,0,JIWA,2019
993,32,JAWA BARAT,3210,KABUPATEN MAJALENGKA,MENINGGAL DUNIA,0,JIWA,2019
994,32,JAWA BARAT,3210,KABUPATEN MAJALENGKA,LUKA-LUKA,7,JIWA,2019
995,32,JAWA BARAT,3210,KABUPATEN MAJALENGKA,MENGUNGSI,65,JIWA,2019
996,32,JAWA BARAT,3211,KABUPATEN SUMEDANG,MENDERITA,875,JIWA,2019
997,32,JAWA BARAT,3211,KABUPATEN SUMEDANG,HILANG,0,JIWA,2019
998,32,JAWA BARAT,3211,KABUPATEN SUMEDANG,MENINGGAL DUNIA,0,JIWA,2019
999,32,JAWA BARAT,3211,KABUPATEN SUMEDANG,LUKA-LUKA,2,JIWA,2019
1000,32,JAWA BARAT,3211,KABUPATEN SUMEDANG,MENGUNGSI,0,JIWA,2019
1001,32,JAWA BARAT,3212,KABUPATEN INDRAMAYU,MENDERITA,24817,JIWA,2019
1002,32,JAWA BARAT,3212,KABUPATEN INDRAMAYU,HILANG,0,JIWA,2019
1003,32,JAWA BARAT,3212,KABUPATEN INDRAMAYU,MENINGGAL DUNIA,0,JIWA,2019
1004,32,JAWA BARAT,3212,KABUPATEN INDRAMAYU,LUKA-LUKA,0,JIWA,2019
1005,32,JAWA BARAT,3212,KABUPATEN INDRAMAYU,MENGUNGSI,1400,JIWA,2019
1006,32,JAWA BARAT,3213,KABUPATEN SUBANG,MENDERITA,68,JIWA,2019
1007,32,JAWA BARAT,3213,KABUPATEN SUBANG,HILANG,0,JIWA,2019
1008,32,JAWA BARAT,3213,KABUPATEN SUBANG,MENINGGAL DUNIA,0,JIWA,2019
1009,32,JAWA BARAT,3213,KABUPATEN SUBANG,LUKA-LUKA,0,JIWA,2019
1010,32,JAWA BARAT,3213,KABUPATEN SUBANG,MENGUNGSI,0,JIWA,2019
1011,32,JAWA BARAT,3214,KABUPATEN PURWAKARTA,MENDERITA,68,JIWA,2019
1012,32,JAWA BARAT,3214,KABUPATEN PURWAKARTA,HILANG,0,JIWA,2019
1013,32,JAWA BARAT,3214,KABUPATEN PURWAKARTA,MENINGGAL DUNIA,0,JIWA,2019
1014,32,JAWA BARAT,3214,KABUPATEN PURWAKARTA,LUKA-LUKA,1,JIWA,2019
1015,32,JAWA BARAT,3214,KABUPATEN PURWAKARTA,MENGUNGSI,0,JIWA,2019
1016,32,JAWA BARAT,3215,KABUPATEN KARAWANG,MENDERITA,840,JIWA,2019
1017,32,JAWA BARAT,3215,KABUPATEN KARAWANG,HILANG,0,JIWA,2019
1018,32,JAWA BARAT,3215,KABUPATEN KARAWANG,MENINGGAL DUNIA,0,JIWA,2019
1019,32,JAWA BARAT,3215,KABUPATEN KARAWANG,LUKA-LUKA,18,JIWA,2019
1020,32,JAWA BARAT,3215,KABUPATEN KARAWANG,MENGUNGSI,0,JIWA,2019
1021,32,JAWA BARAT,3216,KABUPATEN BEKASI,MENDERITA,0,JIWA,2019
1022,32,JAWA BARAT,3216,KABUPATEN BEKASI,HILANG,0,JIWA,2019
1023,32,JAWA BARAT,3216,KABUPATEN BEKASI,MENINGGAL DUNIA,0,JIWA,2019
1024,32,JAWA BARAT,3216,KABUPATEN BEKASI,LUKA-LUKA,0,JIWA,2019
1025,32,JAWA BARAT,3216,KABUPATEN BEKASI,MENGUNGSI,0,JIWA,2019
1026,32,JAWA BARAT,3217,KABUPATEN BANDUNG BARAT,MENDERITA,108,JIWA,2019
1027,32,JAWA BARAT,3217,KABUPATEN BANDUNG BARAT,HILANG,0,JIWA,2019
1028,32,JAWA BARAT,3217,KABUPATEN BANDUNG BARAT,MENINGGAL DUNIA,0,JIWA,2019
1029,32,JAWA BARAT,3217,KABUPATEN BANDUNG BARAT,LUKA-LUKA,2,JIWA,2019
1030,32,JAWA BARAT,3217,KABUPATEN BANDUNG BARAT,MENGUNGSI,178,JIWA,2019
1031,32,JAWA BARAT,3218,KABUPATEN PANGANDARAN,MENDERITA,167,JIWA,2019
1032,32,JAWA BARAT,3218,KABUPATEN PANGANDARAN,HILANG,0,JIWA,2019
1033,32,JAWA BARAT,3218,KABUPATEN PANGANDARAN,MENINGGAL DUNIA,0,JIWA,2019
1034,32,JAWA BARAT,3218,KABUPATEN PANGANDARAN,LUKA-LUKA,3,JIWA,2019
1035,32,JAWA BARAT,3218,KABUPATEN PANGANDARAN,MENGUNGSI,0,JIWA,2019
1036,32,JAWA BARAT,3271,KOTA BOGOR,MENDERITA,1523,JIWA,2019
1037,32,JAWA BARAT,3271,KOTA BOGOR,HILANG,0,JIWA,2019
1038,32,JAWA BARAT,3271,KOTA BOGOR,MENINGGAL DUNIA,2,JIWA,2019
1039,32,JAWA BARAT,3271,KOTA BOGOR,LUKA-LUKA,9,JIWA,2019
1040,32,JAWA BARAT,3271,KOTA BOGOR,MENGUNGSI,0,JIWA,2019
1041,32,JAWA BARAT,3272,KOTA SUKABUMI,MENDERITA,15,JIWA,2019
1042,32,JAWA BARAT,3272,KOTA SUKABUMI,HILANG,0,JIWA,2019
1043,32,JAWA BARAT,3272,KOTA SUKABUMI,MENINGGAL DUNIA,0,JIWA,2019
1044,32,JAWA BARAT,3272,KOTA SUKABUMI,LUKA-LUKA,0,JIWA,2019
1045,32,JAWA BARAT,3272,KOTA SUKABUMI,MENGUNGSI,0,JIWA,2019
1046,32,JAWA BARAT,3273,KOTA BANDUNG,MENDERITA,141,JIWA,2019
1047,32,JAWA BARAT,3273,KOTA BANDUNG,HILANG,0,JIWA,2019
1048,32,JAWA BARAT,3273,KOTA BANDUNG,MENINGGAL DUNIA,7,JIWA,2019
1049,32,JAWA BARAT,3273,KOTA BANDUNG,LUKA-LUKA,19,JIWA,2019
1050,32,JAWA BARAT,3273,KOTA BANDUNG,MENGUNGSI,0,JIWA,2019
1051,32,JAWA BARAT,3274,KOTA CIREBON,MENDERITA,0,JIWA,2019
1052,32,JAWA BARAT,3274,KOTA CIREBON,HILANG,0,JIWA,2019
1053,32,JAWA BARAT,3274,KOTA CIREBON,MENINGGAL DUNIA,0,JIWA,2019
1054,32,JAWA BARAT,3274,KOTA CIREBON,LUKA-LUKA,1,JIWA,2019
1055,32,JAWA BARAT,3274,KOTA CIREBON,MENGUNGSI,0,JIWA,2019
1056,32,JAWA BARAT,3275,KOTA BEKASI,MENDERITA,0,JIWA,2019
1057,32,JAWA BARAT,3275,KOTA BEKASI,HILANG,0,JIWA,2019
1058,32,JAWA BARAT,3275,KOTA BEKASI,MENINGGAL DUNIA,0,JIWA,2019
1059,32,JAWA BARAT,3275,KOTA BEKASI,LUKA-LUKA,0,JIWA,2019
1060,32,JAWA BARAT,3275,KOTA BEKASI,MENGUNGSI,0,JIWA,2019
1061,32,JAWA BARAT,3276,KOTA DEPOK,MENDERITA,20,JIWA,2019
1062,32,JAWA BARAT,3276,KOTA DEPOK,HILANG,0,JIWA,2019
1063,32,JAWA BARAT,3276,KOTA DEPOK,MENINGGAL DUNIA,1,JIWA,2019
1064,32,JAWA BARAT,3276,KOTA DEPOK,LUKA-LUKA,6,JIWA,2019
1065,32,JAWA BARAT,3276,KOTA DEPOK,MENGUNGSI,0,JIWA,2019
1066,32,JAWA BARAT,3277,KOTA CIMAHI,MENDERITA,646,JIWA,2019
1067,32,JAWA BARAT,3277,KOTA CIMAHI,HILANG,0,JIWA,2019
1068,32,JAWA BARAT,3277,KOTA CIMAHI,MENINGGAL DUNIA,2,JIWA,2019
1069,32,JAWA BARAT,3277,KOTA CIMAHI,LUKA-LUKA,10,JIWA,2019
1070,32,JAWA BARAT,3277,KOTA CIMAHI,MENGUNGSI,0,JIWA,2019
1071,32,JAWA BARAT,3278,KOTA TASIKMALAYA,MENDERITA,205,JIWA,2019
1072,32,JAWA BARAT,3278,KOTA TASIKMALAYA,HILANG,0,JIWA,2019
1073,32,JAWA BARAT,3278,KOTA TASIKMALAYA,MENINGGAL DUNIA,1,JIWA,2019
1074,32,JAWA BARAT,3278,KOTA TASIKMALAYA,LUKA-LUKA,6,JIWA,2019
1075,32,JAWA BARAT,3278,KOTA TASIKMALAYA,MENGUNGSI,0,JIWA,2019
1076,32,JAWA BARAT,3279,KOTA BANJAR,MENDERITA,0,JIWA,2019
1077,32,JAWA BARAT,3279,KOTA BANJAR,HILANG,0,JIWA,2019
1078,32,JAWA BARAT,3279,KOTA BANJAR,MENINGGAL DUNIA,0,JIWA,2019
1079,32,JAWA BARAT,3279,KOTA BANJAR,LUKA-LUKA,0,JIWA,2019
1080,32,JAWA BARAT,3279,KOTA BANJAR,MENGUNGSI,0,JIWA,2019
1081,32,JAWA BARAT,3201,KABUPATEN BOGOR,MENDERITA,26084,JIWA,2020
1082,32,JAWA BARAT,3201,KABUPATEN BOGOR,HILANG,4,JIWA,2020
1083,32,JAWA BARAT,3201,KABUPATEN BOGOR,MENINGGAL DUNIA,23,JIWA,2020
1084,32,JAWA BARAT,3201,KABUPATEN BOGOR,LUKA-LUKA,30,JIWA,2020
1085,32,JAWA BARAT,3201,KABUPATEN BOGOR,MENGUNGSI,6529,JIWA,2020
1086,32,JAWA BARAT,3202,KABUPATEN SUKABUMI,MENDERITA,2985,JIWA,2020
1087,32,JAWA BARAT,3202,KABUPATEN SUKABUMI,HILANG,2,JIWA,2020
1088,32,JAWA BARAT,3202,KABUPATEN SUKABUMI,MENINGGAL DUNIA,5,JIWA,2020
1089,32,JAWA BARAT,3202,KABUPATEN SUKABUMI,LUKA-LUKA,24,JIWA,2020
1090,32,JAWA BARAT,3202,KABUPATEN SUKABUMI,MENGUNGSI,173,JIWA,2020
1091,32,JAWA BARAT,3203,KABUPATEN CIANJUR,MENDERITA,3852,JIWA,2020
1092,32,JAWA BARAT,3203,KABUPATEN CIANJUR,HILANG,0,JIWA,2020
1093,32,JAWA BARAT,3203,KABUPATEN CIANJUR,MENINGGAL DUNIA,3,JIWA,2020
1094,32,JAWA BARAT,3203,KABUPATEN CIANJUR,LUKA-LUKA,2,JIWA,2020
1095,32,JAWA BARAT,3203,KABUPATEN CIANJUR,MENGUNGSI,30,JIWA,2020
1096,32,JAWA BARAT,3204,KABUPATEN BANDUNG,MENDERITA,256828,JIWA,2020
1097,32,JAWA BARAT,3204,KABUPATEN BANDUNG,HILANG,0,JIWA,2020
1098,32,JAWA BARAT,3204,KABUPATEN BANDUNG,MENINGGAL DUNIA,0,JIWA,2020
1099,32,JAWA BARAT,3204,KABUPATEN BANDUNG,LUKA-LUKA,2,JIWA,2020
1100,32,JAWA BARAT,3204,KABUPATEN BANDUNG,MENGUNGSI,7263,JIWA,2020
1101,32,JAWA BARAT,3205,KABUPATEN GARUT,MENDERITA,10013,JIWA,2020
1102,32,JAWA BARAT,3205,KABUPATEN GARUT,HILANG,1,JIWA,2020
1103,32,JAWA BARAT,3205,KABUPATEN GARUT,MENINGGAL DUNIA,1,JIWA,2020
1104,32,JAWA BARAT,3205,KABUPATEN GARUT,LUKA-LUKA,2,JIWA,2020
1105,32,JAWA BARAT,3205,KABUPATEN GARUT,MENGUNGSI,180,JIWA,2020
1106,32,JAWA BARAT,3206,KABUPATEN TASIKMALAYA,MENDERITA,275,JIWA,2020
1107,32,JAWA BARAT,3206,KABUPATEN TASIKMALAYA,HILANG,0,JIWA,2020
1108,32,JAWA BARAT,3206,KABUPATEN TASIKMALAYA,MENINGGAL DUNIA,5,JIWA,2020
1109,32,JAWA BARAT,3206,KABUPATEN TASIKMALAYA,LUKA-LUKA,8,JIWA,2020
1110,32,JAWA BARAT,3206,KABUPATEN TASIKMALAYA,MENGUNGSI,0,JIWA,2020
1111,32,JAWA BARAT,3207,KABUPATEN CIAMIS,MENDERITA,24847,JIWA,2020
1112,32,JAWA BARAT,3207,KABUPATEN CIAMIS,HILANG,0,JIWA,2020
1113,32,JAWA BARAT,3207,KABUPATEN CIAMIS,MENINGGAL DUNIA,0,JIWA,2020
1114,32,JAWA BARAT,3207,KABUPATEN CIAMIS,LUKA-LUKA,5,JIWA,2020
1115,32,JAWA BARAT,3207,KABUPATEN CIAMIS,MENGUNGSI,272,JIWA,2020
1116,32,JAWA BARAT,3208,KABUPATEN KUNINGAN,MENDERITA,1097,JIWA,2020
1117,32,JAWA BARAT,3208,KABUPATEN KUNINGAN,HILANG,0,JIWA,2020
1118,32,JAWA BARAT,3208,KABUPATEN KUNINGAN,MENINGGAL DUNIA,0,JIWA,2020
1119,32,JAWA BARAT,3208,KABUPATEN KUNINGAN,LUKA-LUKA,0,JIWA,2020
1120,32,JAWA BARAT,3208,KABUPATEN KUNINGAN,MENGUNGSI,0,JIWA,2020
1121,32,JAWA BARAT,3209,KABUPATEN CIREBON,MENDERITA,61491,JIWA,2020
1122,32,JAWA BARAT,3209,KABUPATEN CIREBON,HILANG,0,JIWA,2020
1123,32,JAWA BARAT,3209,KABUPATEN CIREBON,MENINGGAL DUNIA,2,JIWA,2020
1124,32,JAWA BARAT,3209,KABUPATEN CIREBON,LUKA-LUKA,4,JIWA,2020
1125,32,JAWA BARAT,3209,KABUPATEN CIREBON,MENGUNGSI,544,JIWA,2020
1126,32,JAWA BARAT,3210,KABUPATEN MAJALENGKA,MENDERITA,744,JIWA,2020
1127,32,JAWA BARAT,3210,KABUPATEN MAJALENGKA,HILANG,0,JIWA,2020
1128,32,JAWA BARAT,3210,KABUPATEN MAJALENGKA,MENINGGAL DUNIA,1,JIWA,2020
1129,32,JAWA BARAT,3210,KABUPATEN MAJALENGKA,LUKA-LUKA,1,JIWA,2020
1130,32,JAWA BARAT,3210,KABUPATEN MAJALENGKA,MENGUNGSI,0,JIWA,2020
1131,32,JAWA BARAT,3211,KABUPATEN SUMEDANG,MENDERITA,771,JIWA,2020
1132,32,JAWA BARAT,3211,KABUPATEN SUMEDANG,HILANG,0,JIWA,2020
1133,32,JAWA BARAT,3211,KABUPATEN SUMEDANG,MENINGGAL DUNIA,2,JIWA,2020
1134,32,JAWA BARAT,3211,KABUPATEN SUMEDANG,LUKA-LUKA,15,JIWA,2020
1135,32,JAWA BARAT,3211,KABUPATEN SUMEDANG,MENGUNGSI,125,JIWA,2020
1136,32,JAWA BARAT,3212,KABUPATEN INDRAMAYU,MENDERITA,26092,JIWA,2020
1137,32,JAWA BARAT,3212,KABUPATEN INDRAMAYU,HILANG,0,JIWA,2020
1138,32,JAWA BARAT,3212,KABUPATEN INDRAMAYU,MENINGGAL DUNIA,0,JIWA,2020
1139,32,JAWA BARAT,3212,KABUPATEN INDRAMAYU,LUKA-LUKA,1,JIWA,2020
1140,32,JAWA BARAT,3212,KABUPATEN INDRAMAYU,MENGUNGSI,0,JIWA,2020
1141,32,JAWA BARAT,3213,KABUPATEN SUBANG,MENDERITA,8593,JIWA,2020
1142,32,JAWA BARAT,3213,KABUPATEN SUBANG,HILANG,0,JIWA,2020
1143,32,JAWA BARAT,3213,KABUPATEN SUBANG,MENINGGAL DUNIA,1,JIWA,2020
1144,32,JAWA BARAT,3213,KABUPATEN SUBANG,LUKA-LUKA,17,JIWA,2020
1145,32,JAWA BARAT,3213,KABUPATEN SUBANG,MENGUNGSI,1220,JIWA,2020
1146,32,JAWA BARAT,3214,KABUPATEN PURWAKARTA,MENDERITA,77,JIWA,2020
1147,32,JAWA BARAT,3214,KABUPATEN PURWAKARTA,HILANG,0,JIWA,2020
1148,32,JAWA BARAT,3214,KABUPATEN PURWAKARTA,MENINGGAL DUNIA,1,JIWA,2020
1149,32,JAWA BARAT,3214,KABUPATEN PURWAKARTA,LUKA-LUKA,3,JIWA,2020
1150,32,JAWA BARAT,3214,KABUPATEN PURWAKARTA,MENGUNGSI,0,JIWA,2020
1151,32,JAWA BARAT,3215,KABUPATEN KARAWANG,MENDERITA,131735,JIWA,2020
1152,32,JAWA BARAT,3215,KABUPATEN KARAWANG,HILANG,0,JIWA,2020
1153,32,JAWA BARAT,3215,KABUPATEN KARAWANG,MENINGGAL DUNIA,0,JIWA,2020
1154,32,JAWA BARAT,3215,KABUPATEN KARAWANG,LUKA-LUKA,0,JIWA,2020
1155,32,JAWA BARAT,3215,KABUPATEN KARAWANG,MENGUNGSI,18786,JIWA,2020
1156,32,JAWA BARAT,3216,KABUPATEN BEKASI,MENDERITA,37657,JIWA,2020
1157,32,JAWA BARAT,3216,KABUPATEN BEKASI,HILANG,0,JIWA,2020
1158,32,JAWA BARAT,3216,KABUPATEN BEKASI,MENINGGAL DUNIA,0,JIWA,2020
1159,32,JAWA BARAT,3216,KABUPATEN BEKASI,LUKA-LUKA,0,JIWA,2020
1160,32,JAWA BARAT,3216,KABUPATEN BEKASI,MENGUNGSI,552,JIWA,2020
1161,32,JAWA BARAT,3217,KABUPATEN BANDUNG BARAT,MENDERITA,1112,JIWA,2020
1162,32,JAWA BARAT,3217,KABUPATEN BANDUNG BARAT,HILANG,0,JIWA,2020
1163,32,JAWA BARAT,3217,KABUPATEN BANDUNG BARAT,MENINGGAL DUNIA,2,JIWA,2020
1164,32,JAWA BARAT,3217,KABUPATEN BANDUNG BARAT,LUKA-LUKA,8,JIWA,2020
1165,32,JAWA BARAT,3217,KABUPATEN BANDUNG BARAT,MENGUNGSI,0,JIWA,2020
1166,32,JAWA BARAT,3218,KABUPATEN PANGANDARAN,MENDERITA,13511,JIWA,2020
1167,32,JAWA BARAT,3218,KABUPATEN PANGANDARAN,HILANG,0,JIWA,2020
1168,32,JAWA BARAT,3218,KABUPATEN PANGANDARAN,MENINGGAL DUNIA,3,JIWA,2020
1169,32,JAWA BARAT,3218,KABUPATEN PANGANDARAN,LUKA-LUKA,1,JIWA,2020
1170,32,JAWA BARAT,3218,KABUPATEN PANGANDARAN,MENGUNGSI,0,JIWA,2020
1171,32,JAWA BARAT,3271,KOTA BOGOR,MENDERITA,609,JIWA,2020
1172,32,JAWA BARAT,3271,KOTA BOGOR,HILANG,0,JIWA,2020
1173,32,JAWA BARAT,3271,KOTA BOGOR,MENINGGAL DUNIA,0,JIWA,2020
1174,32,JAWA BARAT,3271,KOTA BOGOR,LUKA-LUKA,0,JIWA,2020
1175,32,JAWA BARAT,3271,KOTA BOGOR,MENGUNGSI,0,JIWA,2020
1176,32,JAWA BARAT,3272,KOTA SUKABUMI,MENDERITA,0,JIWA,2020
1177,32,JAWA BARAT,3272,KOTA SUKABUMI,HILANG,0,JIWA,2020
1178,32,JAWA BARAT,3272,KOTA SUKABUMI,MENINGGAL DUNIA,0,JIWA,2020
1179,32,JAWA BARAT,3272,KOTA SUKABUMI,LUKA-LUKA,0,JIWA,2020
1180,32,JAWA BARAT,3272,KOTA SUKABUMI,MENGUNGSI,0,JIWA,2020
1181,32,JAWA BARAT,3273,KOTA BANDUNG,MENDERITA,8435,JIWA,2020
1182,32,JAWA BARAT,3273,KOTA BANDUNG,HILANG,0,JIWA,2020
1183,32,JAWA BARAT,3273,KOTA BANDUNG,MENINGGAL DUNIA,0,JIWA,2020
1184,32,JAWA BARAT,3273,KOTA BANDUNG,LUKA-LUKA,5,JIWA,2020
1185,32,JAWA BARAT,3273,KOTA BANDUNG,MENGUNGSI,0,JIWA,2020
1186,32,JAWA BARAT,3274,KOTA CIREBON,MENDERITA,233,JIWA,2020
1187,32,JAWA BARAT,3274,KOTA CIREBON,HILANG,0,JIWA,2020
1188,32,JAWA BARAT,3274,KOTA CIREBON,MENINGGAL DUNIA,0,JIWA,2020
1189,32,JAWA BARAT,3274,KOTA CIREBON,LUKA-LUKA,0,JIWA,2020
1190,32,JAWA BARAT,3274,KOTA CIREBON,MENGUNGSI,0,JIWA,2020
1191,32,JAWA BARAT,3275,KOTA BEKASI,MENDERITA,423344,JIWA,2020
1192,32,JAWA BARAT,3275,KOTA BEKASI,HILANG,2,JIWA,2020
1193,32,JAWA BARAT,3275,KOTA BEKASI,MENINGGAL DUNIA,11,JIWA,2020
1194,32,JAWA BARAT,3275,KOTA BEKASI,LUKA-LUKA,2,JIWA,2020
1195,32,JAWA BARAT,3275,KOTA BEKASI,MENGUNGSI,11041,JIWA,2020
1196,32,JAWA BARAT,3276,KOTA DEPOK,MENDERITA,115,JIWA,2020
1197,32,JAWA BARAT,3276,KOTA DEPOK,HILANG,0,JIWA,2020
1198,32,JAWA BARAT,3276,KOTA DEPOK,MENINGGAL DUNIA,3,JIWA,2020
1199,32,JAWA BARAT,3276,KOTA DEPOK,LUKA-LUKA,4,JIWA,2020
1200,32,JAWA BARAT,3276,KOTA DEPOK,MENGUNGSI,0,JIWA,2020
1201,32,JAWA BARAT,3277,KOTA CIMAHI,MENDERITA,1390,JIWA,2020
1202,32,JAWA BARAT,3277,KOTA CIMAHI,HILANG,1,JIWA,2020
1203,32,JAWA BARAT,3277,KOTA CIMAHI,MENINGGAL DUNIA,1,JIWA,2020
1204,32,JAWA BARAT,3277,KOTA CIMAHI,LUKA-LUKA,0,JIWA,2020
1205,32,JAWA BARAT,3277,KOTA CIMAHI,MENGUNGSI,40,JIWA,2020
1206,32,JAWA BARAT,3278,KOTA TASIKMALAYA,MENDERITA,36,JIWA,2020
1207,32,JAWA BARAT,3278,KOTA TASIKMALAYA,HILANG,0,JIWA,2020
1208,32,JAWA BARAT,3278,KOTA TASIKMALAYA,MENINGGAL DUNIA,0,JIWA,2020
1209,32,JAWA BARAT,3278,KOTA TASIKMALAYA,LUKA-LUKA,1,JIWA,2020
1210,32,JAWA BARAT,3278,KOTA TASIKMALAYA,MENGUNGSI,0,JIWA,2020
1211,32,JAWA BARAT,3279,KOTA BANJAR,MENDERITA,132,JIWA,2020
1212,32,JAWA BARAT,3279,KOTA BANJAR,HILANG,0,JIWA,2020
1213,32,JAWA BARAT,3279,KOTA BANJAR,MENINGGAL DUNIA,1,JIWA,2020
1214,32,JAWA BARAT,3279,KOTA BANJAR,LUKA-LUKA,6,JIWA,2020
1215,32,JAWA BARAT,3279,KOTA BANJAR,MENGUNGSI,0,JIWA,2020
1216,32,JAWA BARAT,3201,KABUPATEN BOGOR,MENDERITA,42356,JIWA,2021
1217,32,JAWA BARAT,3201,KABUPATEN BOGOR,HILANG,0,JIWA,2021
1218,32,JAWA BARAT,3201,KABUPATEN BOGOR,MENINGGAL DUNIA,1,JIWA,2021
1219,32,JAWA BARAT,3201,KABUPATEN BOGOR,LUKA-LUKA,11,JIWA,2021
1220,32,JAWA BARAT,3201,KABUPATEN BOGOR,MENGUNGSI,1444,JIWA,2021
1221,32,JAWA BARAT,3202,KABUPATEN SUKABUMI,MENDERITA,1379,JIWA,2021
1222,32,JAWA BARAT,3202,KABUPATEN SUKABUMI,HILANG,0,JIWA,2021
1223,32,JAWA BARAT,3202,KABUPATEN SUKABUMI,MENINGGAL DUNIA,3,JIWA,2021
1224,32,JAWA BARAT,3202,KABUPATEN SUKABUMI,LUKA-LUKA,15,JIWA,2021
1225,32,JAWA BARAT,3202,KABUPATEN SUKABUMI,MENGUNGSI,422,JIWA,2021
1226,32,JAWA BARAT,3203,KABUPATEN CIANJUR,MENDERITA,900,JIWA,2021
1227,32,JAWA BARAT,3203,KABUPATEN CIANJUR,HILANG,0,JIWA,2021
1228,32,JAWA BARAT,3203,KABUPATEN CIANJUR,MENINGGAL DUNIA,1,JIWA,2021
1229,32,JAWA BARAT,3203,KABUPATEN CIANJUR,LUKA-LUKA,16,JIWA,2021
1230,32,JAWA BARAT,3203,KABUPATEN CIANJUR,MENGUNGSI,313,JIWA,2021
1231,32,JAWA BARAT,3204,KABUPATEN BANDUNG,MENDERITA,0,JIWA,2021
1232,32,JAWA BARAT,3204,KABUPATEN BANDUNG,HILANG,0,JIWA,2021
1233,32,JAWA BARAT,3204,KABUPATEN BANDUNG,MENINGGAL DUNIA,2,JIWA,2021
1234,32,JAWA BARAT,3204,KABUPATEN BANDUNG,LUKA-LUKA,19,JIWA,2021
1235,32,JAWA BARAT,3204,KABUPATEN BANDUNG,MENGUNGSI,985,JIWA,2021
1236,32,JAWA BARAT,3205,KABUPATEN GARUT,MENDERITA,1014,JIWA,2021
1237,32,JAWA BARAT,3205,KABUPATEN GARUT,HILANG,0,JIWA,2021
1238,32,JAWA BARAT,3205,KABUPATEN GARUT,MENINGGAL DUNIA,0,JIWA,2021
1239,32,JAWA BARAT,3205,KABUPATEN GARUT,LUKA-LUKA,0,JIWA,2021
1240,32,JAWA BARAT,3205,KABUPATEN GARUT,MENGUNGSI,671,JIWA,2021
1241,32,JAWA BARAT,3206,KABUPATEN TASIKMALAYA,MENDERITA,0,JIWA,2021
1242,32,JAWA BARAT,3206,KABUPATEN TASIKMALAYA,HILANG,0,JIWA,2021
1243,32,JAWA BARAT,3206,KABUPATEN TASIKMALAYA,MENINGGAL DUNIA,0,JIWA,2021
1244,32,JAWA BARAT,3206,KABUPATEN TASIKMALAYA,LUKA-LUKA,0,JIWA,2021
1245,32,JAWA BARAT,3206,KABUPATEN TASIKMALAYA,MENGUNGSI,0,JIWA,2021
1246,32,JAWA BARAT,3207,KABUPATEN CIAMIS,MENDERITA,3764,JIWA,2021
1247,32,JAWA BARAT,3207,KABUPATEN CIAMIS,HILANG,0,JIWA,2021
1248,32,JAWA BARAT,3207,KABUPATEN CIAMIS,MENINGGAL DUNIA,1,JIWA,2021
1249,32,JAWA BARAT,3207,KABUPATEN CIAMIS,LUKA-LUKA,3,JIWA,2021
1250,32,JAWA BARAT,3207,KABUPATEN CIAMIS,MENGUNGSI,139,JIWA,2021
1251,32,JAWA BARAT,3208,KABUPATEN KUNINGAN,MENDERITA,206,JIWA,2021
1252,32,JAWA BARAT,3208,KABUPATEN KUNINGAN,HILANG,0,JIWA,2021
1253,32,JAWA BARAT,3208,KABUPATEN KUNINGAN,MENINGGAL DUNIA,0,JIWA,2021
1254,32,JAWA BARAT,3208,KABUPATEN KUNINGAN,LUKA-LUKA,0,JIWA,2021
1255,32,JAWA BARAT,3208,KABUPATEN KUNINGAN,MENGUNGSI,0,JIWA,2021
1256,32,JAWA BARAT,3209,KABUPATEN CIREBON,MENDERITA,45719,JIWA,2021
1257,32,JAWA BARAT,3209,KABUPATEN CIREBON,HILANG,0,JIWA,2021
1258,32,JAWA BARAT,3209,KABUPATEN CIREBON,MENINGGAL DUNIA,0,JIWA,2021
1259,32,JAWA BARAT,3209,KABUPATEN CIREBON,LUKA-LUKA,10,JIWA,2021
1260,32,JAWA BARAT,3209,KABUPATEN CIREBON,MENGUNGSI,222,JIWA,2021
1261,32,JAWA BARAT,3210,KABUPATEN MAJALENGKA,MENDERITA,30278,JIWA,2021
1262,32,JAWA BARAT,3210,KABUPATEN MAJALENGKA,HILANG,0,JIWA,2021
1263,32,JAWA BARAT,3210,KABUPATEN MAJALENGKA,MENINGGAL DUNIA,0,JIWA,2021
1264,32,JAWA BARAT,3210,KABUPATEN MAJALENGKA,LUKA-LUKA,2,JIWA,2021
1265,32,JAWA BARAT,3210,KABUPATEN MAJALENGKA,MENGUNGSI,861,JIWA,2021
1266,32,JAWA BARAT,3211,KABUPATEN SUMEDANG,MENDERITA,3462,JIWA,2021
1267,32,JAWA BARAT,3211,KABUPATEN SUMEDANG,HILANG,0,JIWA,2021
1268,32,JAWA BARAT,3211,KABUPATEN SUMEDANG,MENINGGAL DUNIA,43,JIWA,2021
1269,32,JAWA BARAT,3211,KABUPATEN SUMEDANG,LUKA-LUKA,31,JIWA,2021
1270,32,JAWA BARAT,3211,KABUPATEN SUMEDANG,MENGUNGSI,1020,JIWA,2021
1271,32,JAWA BARAT,3212,KABUPATEN INDRAMAYU,MENDERITA,215659,JIWA,2021
1272,32,JAWA BARAT,3212,KABUPATEN INDRAMAYU,HILANG,0,JIWA,2021
1273,32,JAWA BARAT,3212,KABUPATEN INDRAMAYU,MENINGGAL DUNIA,2,JIWA,2021
1274,32,JAWA BARAT,3212,KABUPATEN INDRAMAYU,LUKA-LUKA,36,JIWA,2021
1275,32,JAWA BARAT,3212,KABUPATEN INDRAMAYU,MENGUNGSI,25784,JIWA,2021
1276,32,JAWA BARAT,3213,KABUPATEN SUBANG,MENDERITA,100184,JIWA,2021
1277,32,JAWA BARAT,3213,KABUPATEN SUBANG,HILANG,0,JIWA,2021
1278,32,JAWA BARAT,3213,KABUPATEN SUBANG,MENINGGAL DUNIA,4,JIWA,2021
1279,32,JAWA BARAT,3213,KABUPATEN SUBANG,LUKA-LUKA,5,JIWA,2021
1280,32,JAWA BARAT,3213,KABUPATEN SUBANG,MENGUNGSI,3298,JIWA,2021
1281,32,JAWA BARAT,3214,KABUPATEN PURWAKARTA,MENDERITA,248,JIWA,2021
1282,32,JAWA BARAT,3214,KABUPATEN PURWAKARTA,HILANG,0,JIWA,2021
1283,32,JAWA BARAT,3214,KABUPATEN PURWAKARTA,MENINGGAL DUNIA,1,JIWA,2021
1284,32,JAWA BARAT,3214,KABUPATEN PURWAKARTA,LUKA-LUKA,0,JIWA,2021
1285,32,JAWA BARAT,3214,KABUPATEN PURWAKARTA,MENGUNGSI,395,JIWA,2021
1286,32,JAWA BARAT,3215,KABUPATEN KARAWANG,MENDERITA,101302,JIWA,2021
1287,32,JAWA BARAT,3215,KABUPATEN KARAWANG,HILANG,0,JIWA,2021
1288,32,JAWA BARAT,3215,KABUPATEN KARAWANG,MENINGGAL DUNIA,1,JIWA,2021
1289,32,JAWA BARAT,3215,KABUPATEN KARAWANG,LUKA-LUKA,0,JIWA,2021
1290,32,JAWA BARAT,3215,KABUPATEN KARAWANG,MENGUNGSI,12163,JIWA,2021
1291,32,JAWA BARAT,3216,KABUPATEN BEKASI,MENDERITA,112325,JIWA,2021
1292,32,JAWA BARAT,3216,KABUPATEN BEKASI,HILANG,0,JIWA,2021
1293,32,JAWA BARAT,3216,KABUPATEN BEKASI,MENINGGAL DUNIA,0,JIWA,2021
1294,32,JAWA BARAT,3216,KABUPATEN BEKASI,LUKA-LUKA,3,JIWA,2021
1295,32,JAWA BARAT,3216,KABUPATEN BEKASI,MENGUNGSI,38419,JIWA,2021
1296,32,JAWA BARAT,3217,KABUPATEN BANDUNG BARAT,MENDERITA,407,JIWA,2021
1297,32,JAWA BARAT,3217,KABUPATEN BANDUNG BARAT,HILANG,0,JIWA,2021
1298,32,JAWA BARAT,3217,KABUPATEN BANDUNG BARAT,MENINGGAL DUNIA,1,JIWA,2021
1299,32,JAWA BARAT,3217,KABUPATEN BANDUNG BARAT,LUKA-LUKA,1,JIWA,2021
1300,32,JAWA BARAT,3217,KABUPATEN BANDUNG BARAT,MENGUNGSI,0,JIWA,2021
1301,32,JAWA BARAT,3218,KABUPATEN PANGANDARAN,MENDERITA,20,JIWA,2021
1302,32,JAWA BARAT,3218,KABUPATEN PANGANDARAN,HILANG,0,JIWA,2021
1303,32,JAWA BARAT,3218,KABUPATEN PANGANDARAN,MENINGGAL DUNIA,0,JIWA,2021
1304,32,JAWA BARAT,3218,KABUPATEN PANGANDARAN,LUKA-LUKA,1,JIWA,2021
1305,32,JAWA BARAT,3218,KABUPATEN PANGANDARAN,MENGUNGSI,0,JIWA,2021
1306,32,JAWA BARAT,3271,KOTA BOGOR,MENDERITA,1714,JIWA,2021
1307,32,JAWA BARAT,3271,KOTA BOGOR,HILANG,0,JIWA,2021
1308,32,JAWA BARAT,3271,KOTA BOGOR,MENINGGAL DUNIA,0,JIWA,2021
1309,32,JAWA BARAT,3271,KOTA BOGOR,LUKA-LUKA,1,JIWA,2021
1310,32,JAWA BARAT,3271,KOTA BOGOR,MENGUNGSI,0,JIWA,2021
1311,32,JAWA BARAT,3272,KOTA SUKABUMI,MENDERITA,20,JIWA,2021
1312,32,JAWA BARAT,3272,KOTA SUKABUMI,HILANG,0,JIWA,2021
1313,32,JAWA BARAT,3272,KOTA SUKABUMI,MENINGGAL DUNIA,0,JIWA,2021
1314,32,JAWA BARAT,3272,KOTA SUKABUMI,LUKA-LUKA,0,JIWA,2021
1315,32,JAWA BARAT,3272,KOTA SUKABUMI,MENGUNGSI,0,JIWA,2021
1316,32,JAWA BARAT,3273,KOTA BANDUNG,MENDERITA,628,JIWA,2021
1317,32,JAWA BARAT,3273,KOTA BANDUNG,HILANG,0,JIWA,2021
1318,32,JAWA BARAT,3273,KOTA BANDUNG,MENINGGAL DUNIA,0,JIWA,2021
1319,32,JAWA BARAT,3273,KOTA BANDUNG,LUKA-LUKA,0,JIWA,2021
1320,32,JAWA BARAT,3273,KOTA BANDUNG,MENGUNGSI,8,JIWA,2021
1321,32,JAWA BARAT,3274,KOTA CIREBON,MENDERITA,23,JIWA,2021
1322,32,JAWA BARAT,3274,KOTA CIREBON,HILANG,0,JIWA,2021
1323,32,JAWA BARAT,3274,KOTA CIREBON,MENINGGAL DUNIA,1,JIWA,2021
1324,32,JAWA BARAT,3274,KOTA CIREBON,LUKA-LUKA,3,JIWA,2021
1325,32,JAWA BARAT,3274,KOTA CIREBON,MENGUNGSI,35,JIWA,2021
1326,32,JAWA BARAT,3275,KOTA BEKASI,MENDERITA,148742,JIWA,2021
1327,32,JAWA BARAT,3275,KOTA BEKASI,HILANG,0,JIWA,2021
1328,32,JAWA BARAT,3275,KOTA BEKASI,MENINGGAL DUNIA,2,JIWA,2021
1329,32,JAWA BARAT,3275,KOTA BEKASI,LUKA-LUKA,1,JIWA,2021
1330,32,JAWA BARAT,3275,KOTA BEKASI,MENGUNGSI,530,JIWA,2021
1331,32,JAWA BARAT,3276,KOTA DEPOK,MENDERITA,1191,JIWA,2021
1332,32,JAWA BARAT,3276,KOTA DEPOK,HILANG,0,JIWA,2021
1333,32,JAWA BARAT,3276,KOTA DEPOK,MENINGGAL DUNIA,0,JIWA,2021
1334,32,JAWA BARAT,3276,KOTA DEPOK,LUKA-LUKA,0,JIWA,2021
1335,32,JAWA BARAT,3276,KOTA DEPOK,MENGUNGSI,0,JIWA,2021
1336,32,JAWA BARAT,3277,KOTA CIMAHI,MENDERITA,744,JIWA,2021
1337,32,JAWA BARAT,3277,KOTA CIMAHI,HILANG,0,JIWA,2021
1338,32,JAWA BARAT,3277,KOTA CIMAHI,MENINGGAL DUNIA,0,JIWA,2021
1339,32,JAWA BARAT,3277,KOTA CIMAHI,LUKA-LUKA,13,JIWA,2021
1340,32,JAWA BARAT,3277,KOTA CIMAHI,MENGUNGSI,0,JIWA,2021
1341,32,JAWA BARAT,3278,KOTA TASIKMALAYA,MENDERITA,55,JIWA,2021
1342,32,JAWA BARAT,3278,KOTA TASIKMALAYA,HILANG,0,JIWA,2021
1343,32,JAWA BARAT,3278,KOTA TASIKMALAYA,MENINGGAL DUNIA,0,JIWA,2021
1344,32,JAWA BARAT,3278,KOTA TASIKMALAYA,LUKA-LUKA,0,JIWA,2021
1345,32,JAWA BARAT,3278,KOTA TASIKMALAYA,MENGUNGSI,0,JIWA,2021
1346,32,JAWA BARAT,3279,KOTA BANJAR,MENDERITA,39,JIWA,2021
1347,32,JAWA BARAT,3279,KOTA BANJAR,HILANG,0,JIWA,2021
1348,32,JAWA BARAT,3279,KOTA BANJAR,MENINGGAL DUNIA,0,JIWA,2021
1349,32,JAWA BARAT,3279,KOTA BANJAR,LUKA-LUKA,0,JIWA,2021
1350,32,JAWA BARAT,3279,KOTA BANJAR,MENGUNGSI,0,JIWA,2021
1351,32,JAWA BARAT,3201,KABUPATEN BOGOR,MENDERITA,43519,JIWA,2022
1352,32,JAWA BARAT,3201,KABUPATEN BOGOR,HILANG,0,JIWA,2022
1353,32,JAWA BARAT,3201,KABUPATEN BOGOR,MENINGGAL DUNIA,8,JIWA,2022
1354,32,JAWA BARAT,3201,KABUPATEN BOGOR,LUKA-LUKA,25,JIWA,2022
1355,32,JAWA BARAT,3201,KABUPATEN BOGOR,MENGUNGSI,1108,JIWA,2022
1356,32,JAWA BARAT,3202,KABUPATEN SUKABUMI,MENDERITA,2925,JIWA,2022
1357,32,JAWA BARAT,3202,KABUPATEN SUKABUMI,HILANG,0,JIWA,2022
1358,32,JAWA BARAT,3202,KABUPATEN SUKABUMI,MENINGGAL DUNIA,9,JIWA,2022
1359,32,JAWA BARAT,3202,KABUPATEN SUKABUMI,LUKA-LUKA,16,JIWA,2022
1360,32,JAWA BARAT,3202,KABUPATEN SUKABUMI,MENGUNGSI,238,JIWA,2022
1361,32,JAWA BARAT,3203,KABUPATEN CIANJUR,MENDERITA,2826,JIWA,2022
1362,32,JAWA BARAT,3203,KABUPATEN CIANJUR,HILANG,5,JIWA,2022
1363,32,JAWA BARAT,3203,KABUPATEN CIANJUR,MENINGGAL DUNIA,647,JIWA,2022
1364,32,JAWA BARAT,3203,KABUPATEN CIANJUR,LUKA-LUKA,4232,JIWA,2022
1365,32,JAWA BARAT,3203,KABUPATEN CIANJUR,MENGUNGSI,108177,JIWA,2022
1366,32,JAWA BARAT,3204,KABUPATEN BANDUNG,MENDERITA,47617,JIWA,2022
1367,32,JAWA BARAT,3204,KABUPATEN BANDUNG,HILANG,0,JIWA,2022
1368,32,JAWA BARAT,3204,KABUPATEN BANDUNG,MENINGGAL DUNIA,7,JIWA,2022
1369,32,JAWA BARAT,3204,KABUPATEN BANDUNG,LUKA-LUKA,14,JIWA,2022
1370,32,JAWA BARAT,3204,KABUPATEN BANDUNG,MENGUNGSI,408,JIWA,2022
1371,32,JAWA BARAT,3205,KABUPATEN GARUT,MENDERITA,21284,JIWA,2022
1372,32,JAWA BARAT,3205,KABUPATEN GARUT,HILANG,0,JIWA,2022
1373,32,JAWA BARAT,3205,KABUPATEN GARUT,MENINGGAL DUNIA,2,JIWA,2022
1374,32,JAWA BARAT,3205,KABUPATEN GARUT,LUKA-LUKA,7,JIWA,2022
1375,32,JAWA BARAT,3205,KABUPATEN GARUT,MENGUNGSI,1168,JIWA,2022
1376,32,JAWA BARAT,3206,KABUPATEN TASIKMALAYA,MENDERITA,48,JIWA,2022
1377,32,JAWA BARAT,3206,KABUPATEN TASIKMALAYA,HILANG,0,JIWA,2022
1378,32,JAWA BARAT,3206,KABUPATEN TASIKMALAYA,MENINGGAL DUNIA,0,JIWA,2022
1379,32,JAWA BARAT,3206,KABUPATEN TASIKMALAYA,LUKA-LUKA,0,JIWA,2022
1380,32,JAWA BARAT,3206,KABUPATEN TASIKMALAYA,MENGUNGSI,0,JIWA,2022
1381,32,JAWA BARAT,3207,KABUPATEN CIAMIS,MENDERITA,1136,JIWA,2022
1382,32,JAWA BARAT,3207,KABUPATEN CIAMIS,HILANG,0,JIWA,2022
1383,32,JAWA BARAT,3207,KABUPATEN CIAMIS,MENINGGAL DUNIA,3,JIWA,2022
1384,32,JAWA BARAT,3207,KABUPATEN CIAMIS,LUKA-LUKA,3,JIWA,2022
1385,32,JAWA BARAT,3207,KABUPATEN CIAMIS,MENGUNGSI,90,JIWA,2022
1386,32,JAWA BARAT,3208,KABUPATEN KUNINGAN,MENDERITA,519,JIWA,2022
1387,32,JAWA BARAT,3208,KABUPATEN KUNINGAN,HILANG,0,JIWA,2022
1388,32,JAWA BARAT,3208,KABUPATEN KUNINGAN,MENINGGAL DUNIA,1,JIWA,2022
1389,32,JAWA BARAT,3208,KABUPATEN KUNINGAN,LUKA-LUKA,4,JIWA,2022
1390,32,JAWA BARAT,3208,KABUPATEN KUNINGAN,MENGUNGSI,24,JIWA,2022
1391,32,JAWA BARAT,3209,KABUPATEN CIREBON,MENDERITA,58922,JIWA,2022
1392,32,JAWA BARAT,3209,KABUPATEN CIREBON,HILANG,0,JIWA,2022
1393,32,JAWA BARAT,3209,KABUPATEN CIREBON,MENINGGAL DUNIA,1,JIWA,2022
1394,32,JAWA BARAT,3209,KABUPATEN CIREBON,LUKA-LUKA,3,JIWA,2022
1395,32,JAWA BARAT,3209,KABUPATEN CIREBON,MENGUNGSI,257,JIWA,2022
1396,32,JAWA BARAT,3210,KABUPATEN MAJALENGKA,MENDERITA,2981,JIWA,2022
1397,32,JAWA BARAT,3210,KABUPATEN MAJALENGKA,HILANG,0,JIWA,2022
1398,32,JAWA BARAT,3210,KABUPATEN MAJALENGKA,MENINGGAL DUNIA,1,JIWA,2022
1399,32,JAWA BARAT,3210,KABUPATEN MAJALENGKA,LUKA-LUKA,2,JIWA,2022
1400,32,JAWA BARAT,3210,KABUPATEN MAJALENGKA,MENGUNGSI,11,JIWA,2022
1401,32,JAWA BARAT,3211,KABUPATEN SUMEDANG,MENDERITA,1245,JIWA,2022
1402,32,JAWA BARAT,3211,KABUPATEN SUMEDANG,HILANG,0,JIWA,2022
1403,32,JAWA BARAT,3211,KABUPATEN SUMEDANG,MENINGGAL DUNIA,8,JIWA,2022
1404,32,JAWA BARAT,3211,KABUPATEN SUMEDANG,LUKA-LUKA,16,JIWA,2022
1405,32,JAWA BARAT,3211,KABUPATEN SUMEDANG,MENGUNGSI,275,JIWA,2022
1406,32,JAWA BARAT,3212,KABUPATEN INDRAMAYU,MENDERITA,9575,JIWA,2022
1407,32,JAWA BARAT,3212,KABUPATEN INDRAMAYU,HILANG,0,JIWA,2022
1408,32,JAWA BARAT,3212,KABUPATEN INDRAMAYU,MENINGGAL DUNIA,0,JIWA,2022
1409,32,JAWA BARAT,3212,KABUPATEN INDRAMAYU,LUKA-LUKA,2,JIWA,2022
1410,32,JAWA BARAT,3212,KABUPATEN INDRAMAYU,MENGUNGSI,0,JIWA,2022
1411,32,JAWA BARAT,3213,KABUPATEN SUBANG,MENDERITA,4572,JIWA,2022
1412,32,JAWA BARAT,3213,KABUPATEN SUBANG,HILANG,0,JIWA,2022
1413,32,JAWA BARAT,3213,KABUPATEN SUBANG,MENINGGAL DUNIA,0,JIWA,2022
1414,32,JAWA BARAT,3213,KABUPATEN SUBANG,LUKA-LUKA,1,JIWA,2022
1415,32,JAWA BARAT,3213,KABUPATEN SUBANG,MENGUNGSI,9,JIWA,2022
1416,32,JAWA BARAT,3214,KABUPATEN PURWAKARTA,MENDERITA,638,JIWA,2022
1417,32,JAWA BARAT,3214,KABUPATEN PURWAKARTA,HILANG,0,JIWA,2022
1418,32,JAWA BARAT,3214,KABUPATEN PURWAKARTA,MENINGGAL DUNIA,2,JIWA,2022
1419,32,JAWA BARAT,3214,KABUPATEN PURWAKARTA,LUKA-LUKA,9,JIWA,2022
1420,32,JAWA BARAT,3214,KABUPATEN PURWAKARTA,MENGUNGSI,13,JIWA,2022
1421,32,JAWA BARAT,3215,KABUPATEN KARAWANG,MENDERITA,50505,JIWA,2022
1422,32,JAWA BARAT,3215,KABUPATEN KARAWANG,HILANG,0,JIWA,2022
1423,32,JAWA BARAT,3215,KABUPATEN KARAWANG,MENINGGAL DUNIA,0,JIWA,2022
1424,32,JAWA BARAT,3215,KABUPATEN KARAWANG,LUKA-LUKA,3,JIWA,2022
1425,32,JAWA BARAT,3215,KABUPATEN KARAWANG,MENGUNGSI,14,JIWA,2022
1426,32,JAWA BARAT,3216,KABUPATEN BEKASI,MENDERITA,12655,JIWA,2022
1427,32,JAWA BARAT,3216,KABUPATEN BEKASI,HILANG,0,JIWA,2022
1428,32,JAWA BARAT,3216,KABUPATEN BEKASI,MENINGGAL DUNIA,1,JIWA,2022
1429,32,JAWA BARAT,3216,KABUPATEN BEKASI,LUKA-LUKA,3,JIWA,2022
1430,32,JAWA BARAT,3216,KABUPATEN BEKASI,MENGUNGSI,1,JIWA,2022
1431,32,JAWA BARAT,3217,KABUPATEN BANDUNG BARAT,MENDERITA,389,JIWA,2022
1432,32,JAWA BARAT,3217,KABUPATEN BANDUNG BARAT,HILANG,0,JIWA,2022
1433,32,JAWA BARAT,3217,KABUPATEN BANDUNG BARAT,MENINGGAL DUNIA,5,JIWA,2022
1434,32,JAWA BARAT,3217,KABUPATEN BANDUNG BARAT,LUKA-LUKA,15,JIWA,2022
1435,32,JAWA BARAT,3217,KABUPATEN BANDUNG BARAT,MENGUNGSI,36,JIWA,2022
1436,32,JAWA BARAT,3218,KABUPATEN PANGANDARAN,MENDERITA,6518,JIWA,2022
1437,32,JAWA BARAT,3218,KABUPATEN PANGANDARAN,HILANG,0,JIWA,2022
1438,32,JAWA BARAT,3218,KABUPATEN PANGANDARAN,MENINGGAL DUNIA,0,JIWA,2022
1439,32,JAWA BARAT,3218,KABUPATEN PANGANDARAN,LUKA-LUKA,0,JIWA,2022
1440,32,JAWA BARAT,3218,KABUPATEN PANGANDARAN,MENGUNGSI,0,JIWA,2022
1441,32,JAWA BARAT,3271,KOTA BOGOR,MENDERITA,858,JIWA,2022
1442,32,JAWA BARAT,3271,KOTA BOGOR,HILANG,0,JIWA,2022
1443,32,JAWA BARAT,3271,KOTA BOGOR,MENINGGAL DUNIA,7,JIWA,2022
1444,32,JAWA BARAT,3271,KOTA BOGOR,LUKA-LUKA,8,JIWA,2022
1445,32,JAWA BARAT,3271,KOTA BOGOR,MENGUNGSI,181,JIWA,2022
1446,32,JAWA BARAT,3272,KOTA SUKABUMI,MENDERITA,3179,JIWA,2022
1447,32,JAWA BARAT,3272,KOTA SUKABUMI,HILANG,0,JIWA,2022
1448,32,JAWA BARAT,3272,KOTA SUKABUMI,MENINGGAL DUNIA,1,JIWA,2022
1449,32,JAWA BARAT,3272,KOTA SUKABUMI,LUKA-LUKA,7,JIWA,2022
1450,32,JAWA BARAT,3272,KOTA SUKABUMI,MENGUNGSI,5,JIWA,2022
1451,32,JAWA BARAT,3273,KOTA BANDUNG,MENDERITA,6,JIWA,2022
1452,32,JAWA BARAT,3273,KOTA BANDUNG,HILANG,0,JIWA,2022
1453,32,JAWA BARAT,3273,KOTA BANDUNG,MENINGGAL DUNIA,0,JIWA,2022
1454,32,JAWA BARAT,3273,KOTA BANDUNG,LUKA-LUKA,2,JIWA,2022
1455,32,JAWA BARAT,3273,KOTA BANDUNG,MENGUNGSI,0,JIWA,2022
1456,32,JAWA BARAT,3274,KOTA CIREBON,MENDERITA,6466,JIWA,2022
1457,32,JAWA BARAT,3274,KOTA CIREBON,HILANG,0,JIWA,2022
1458,32,JAWA BARAT,3274,KOTA CIREBON,MENINGGAL DUNIA,0,JIWA,2022
1459,32,JAWA BARAT,3274,KOTA CIREBON,LUKA-LUKA,2,JIWA,2022
1460,32,JAWA BARAT,3274,KOTA CIREBON,MENGUNGSI,0,JIWA,2022
1461,32,JAWA BARAT,3275,KOTA BEKASI,MENDERITA,8127,JIWA,2022
1462,32,JAWA BARAT,3275,KOTA BEKASI,HILANG,0,JIWA,2022
1463,32,JAWA BARAT,3275,KOTA BEKASI,MENINGGAL DUNIA,1,JIWA,2022
1464,32,JAWA BARAT,3275,KOTA BEKASI,LUKA-LUKA,0,JIWA,2022
1465,32,JAWA BARAT,3275,KOTA BEKASI,MENGUNGSI,26,JIWA,2022
1466,32,JAWA BARAT,3276,KOTA DEPOK,MENDERITA,2259,JIWA,2022
1467,32,JAWA BARAT,3276,KOTA DEPOK,HILANG,0,JIWA,2022
1468,32,JAWA BARAT,3276,KOTA DEPOK,MENINGGAL DUNIA,2,JIWA,2022
1469,32,JAWA BARAT,3276,KOTA DEPOK,LUKA-LUKA,0,JIWA,2022
1470,32,JAWA BARAT,3276,KOTA DEPOK,MENGUNGSI,0,JIWA,2022
1471,32,JAWA BARAT,3277,KOTA CIMAHI,MENDERITA,3948,JIWA,2022
1472,32,JAWA BARAT,3277,KOTA CIMAHI,HILANG,0,JIWA,2022
1473,32,JAWA BARAT,3277,KOTA CIMAHI,MENINGGAL DUNIA,0,JIWA,2022
1474,32,JAWA BARAT,3277,KOTA CIMAHI,LUKA-LUKA,0,JIWA,2022
1475,32,JAWA BARAT,3277,KOTA CIMAHI,MENGUNGSI,0,JIWA,2022
1476,32,JAWA BARAT,3278,KOTA TASIKMALAYA,MENDERITA,1463,JIWA,2022
1477,32,JAWA BARAT,3278,KOTA TASIKMALAYA,HILANG,0,JIWA,2022
1478,32,JAWA BARAT,3278,KOTA TASIKMALAYA,MENINGGAL DUNIA,0,JIWA,2022
1479,32,JAWA BARAT,3278,KOTA TASIKMALAYA,LUKA-LUKA,1,JIWA,2022
1480,32,JAWA BARAT,3278,KOTA TASIKMALAYA,MENGUNGSI,0,JIWA,2022
1481,32,JAWA BARAT,3279,KOTA BANJAR,MENDERITA,7,JIWA,2022
1482,32,JAWA BARAT,3279,KOTA BANJAR,HILANG,0,JIWA,2022
1483,32,JAWA BARAT,3279,KOTA BANJAR,MENINGGAL DUNIA,0,JIWA,2022
1484,32,JAWA BARAT,3279,KOTA BANJAR,LUKA-LUKA,0,JIWA,2022
1485,32,JAWA BARAT,3279,KOTA BANJAR,MENGUNGSI,0,JIWA,2022
